adp_rank,player_name,position,team,sleeper_id,age,years_exp,source,scoring_format,adp,stdev,times_drafted,fetched_at,name_key
1,Jahmyr Gibbs,RB,,,,,espn,standard,1.45,,,2026-08-24T00:32:35.608012+00:00,jahmyr gibbs
2,Bijan Robinson,RB,,,,,espn,standard,2.51,,,2026-08-24T00:32:35.608012+00:00,bijan robinson
3,Ja'Marr Chase,WR,,,,,espn,standard,3.94,,,2026-08-24T00:32:35.608012+00:00,jamarr chase
4,Puka Nacua,WR,,,,,espn,standard,5.08,,,2026-08-24T00:32:35.608012+00:00,puka nacua
5,Jaxon Smith-Njigba,WR,,,,,espn,standard,5.77,,,2026-08-24T00:32:35.608012+00:00,jaxon smithnjigba
6,Christian McCaffrey,RB,,,,,espn,standard,7.18,,,2026-08-24T00:32:35.608012+00:00,christian mccaffrey
7,Jonathan Taylor,RB,,,,,espn,standard,7.76,,,2026-08-24T00:32:35.608012+00:00,jonathan taylor
8,Amon-Ra St. Brown,WR,,,,,espn,standard,8.3,,,2026-08-24T00:32:35.608012+00:00,amonra st brown
9,CeeDee Lamb,WR,,,,,espn,standard,10.67,,,2026-08-24T00:32:35.608012+00:00,ceedee lamb
10,De'Von Achane,RB,,,,,espn,standard,12.04,,,2026-08-24T00:32:35.608012+00:00,devon achane
11,Justin Jefferson,WR,,,,,espn,standard,12.16,,,2026-08-24T00:32:35.608012+00:00,justin jefferson
12,James Cook III,RB,,,,,espn,standard,12.6,,,2026-08-24T00:32:35.608012+00:00,james cook
13,Saquon Barkley,RB,,,,,espn,standard,15.86,,,2026-08-24T00:32:35.608012+00:00,saquon barkley
14,Ashton Jeanty,RB,,,,,espn,standard,16.32,,,2026-08-24T00:32:35.608012+00:00,ashton jeanty
15,Drake London,WR,,,,,espn,standard,18.64,,,2026-08-24T00:32:35.608012+00:00,drake london
16,Derrick Henry,RB,,,,,espn,standard,19.16,,,2026-08-24T00:32:35.608012+00:00,derrick henry
17,Trey McBride,TE,,,,,espn,standard,20.4,,,2026-08-24T00:32:35.608012+00:00,trey mcbride
18,Jeremiyah Love,RB,,,,,espn,standard,21.64,,,2026-08-24T00:32:35.608012+00:00,jeremiyah love
19,Josh Allen,QB,,,,,espn,standard,21.88,,,2026-08-24T00:32:35.608012+00:00,joshua allen
20,Rashee Rice,WR,,,,,espn,standard,22.17,,,2026-08-24T00:32:35.608012+00:00,rashee rice
21,Kenneth Walker III,RB,,,,,espn,standard,22.55,,,2026-08-24T00:32:35.608012+00:00,kenneth walker
22,Chase Brown,RB,,,,,espn,standard,22.98,,,2026-08-24T00:32:35.608012+00:00,chase brown
23,Brock Bowers,TE,,,,,espn,standard,24.21,,,2026-08-24T00:32:35.608012+00:00,brock bowers
24,Omarion Hampton,RB,,,,,espn,standard,26.75,,,2026-08-24T00:32:35.608012+00:00,omarion hampton
25,A.J. Brown,WR,,,,,espn,standard,27.1,,,2026-08-24T00:32:35.608012+00:00,aj brown
26,Nico Collins,WR,,,,,espn,standard,27.21,,,2026-08-24T00:32:35.608012+00:00,nico collins
27,George Pickens,WR,,,,,espn,standard,30.63,,,2026-08-24T00:32:35.608012+00:00,george pickens
28,Chris Olave,WR,,,,,espn,standard,32.05,,,2026-08-24T00:32:35.608012+00:00,christopher olave
29,Breece Hall,RB,,,,,espn,standard,33.1,,,2026-08-24T00:32:35.608012+00:00,breece hall
30,Malik Nabers,WR,,,,,espn,standard,34.6,,,2026-08-24T00:32:35.608012+00:00,malik nabers
31,Javonte Williams,RB,,,,,espn,standard,36.4,,,2026-08-24T00:32:35.608012+00:00,javonte williams
32,Josh Jacobs,RB,,,,,espn,standard,36.44,,,2026-08-24T00:32:35.608012+00:00,joshua jacobs
33,Garrett Wilson,WR,,,,,espn,standard,36.46,,,2026-08-24T00:32:35.608012+00:00,garrett wilson
34,Lamar Jackson,QB,,,,,espn,standard,38.4,,,2026-08-24T00:32:35.608012+00:00,lamar jackson
35,DeVonta Smith,WR,,,,,espn,standard,41.11,,,2026-08-24T00:32:35.608012+00:00,devonta smith
36,Zay Flowers,WR,,,,,espn,standard,41.18,,,2026-08-24T00:32:35.608012+00:00,zay flowers
37,Tetairoa McMillan,WR,,,,,espn,standard,41.99,,,2026-08-24T00:32:35.608012+00:00,tetairoa mcmillan
38,Kyren Williams,RB,,,,,espn,standard,42.64,,,2026-08-24T00:32:35.608012+00:00,kyren williams
39,Cam Skattebo,RB,,,,,espn,standard,44.1,,,2026-08-24T00:32:35.608012+00:00,cameron skattebo
40,Colston Loveland,TE,,,,,espn,standard,45.06,,,2026-08-24T00:32:35.608012+00:00,colston loveland
41,Travis Etienne Jr.,RB,,,,,espn,standard,45.15,,,2026-08-24T00:32:35.608012+00:00,travis etienne
42,Davante Adams,WR,,,,,espn,standard,46.53,,,2026-08-24T00:32:35.608012+00:00,davante adams
43,Drake Maye,QB,,,,,espn,standard,47.11,,,2026-08-24T00:32:35.608012+00:00,drake maye
44,Emeka Egbuka,WR,,,,,espn,standard,47.35,,,2026-08-24T00:32:35.608012+00:00,emeka egbuka
45,Tyler Warren,TE,,,,,espn,standard,49.42,,,2026-08-24T00:32:35.608012+00:00,tyler warren
46,Jayden Daniels,QB,,,,,espn,standard,50.61,,,2026-08-24T00:32:35.608012+00:00,jayden daniels
47,Jalen Hurts,QB,,,,,espn,standard,51.34,,,2026-08-24T00:32:35.608012+00:00,jalen hurts
48,Ladd McConkey,WR,,,,,espn,standard,51.49,,,2026-08-24T00:32:35.608012+00:00,ladd mcconkey
49,Bucky Irving,RB,,,,,espn,standard,54.65,,,2026-08-24T00:32:35.608012+00:00,bucky irving
50,Quinshon Judkins,RB,,,,,espn,standard,55.19,,,2026-08-24T00:32:35.608012+00:00,quinshon judkins
51,Tee Higgins,WR,,,,,espn,standard,56.51,,,2026-08-24T00:32:35.608012+00:00,tee higgins
52,Jaylen Waddle,WR,,,,,espn,standard,58.17,,,2026-08-24T00:32:35.608012+00:00,jaylen waddle
53,Joe Burrow,QB,,,,,espn,standard,58.91,,,2026-08-24T00:32:35.608012+00:00,joseph burrow
54,Terry McLaurin,WR,,,,,espn,standard,60.7,,,2026-08-24T00:32:35.608012+00:00,terry mclaurin
55,DJ Moore,WR,,,,,espn,standard,63.58,,,2026-08-24T00:32:35.608012+00:00,dj moore
56,Kyle Pitts Sr.,TE,,,,,espn,standard,65.21,,,2026-08-24T00:32:35.608012+00:00,kyle pitts
57,Rome Odunze,WR,,,,,espn,standard,65.75,,,2026-08-24T00:32:35.608012+00:00,rome odunze
58,D'Andre Swift,RB,,,,,espn,standard,66.14,,,2026-08-24T00:32:35.608012+00:00,dandre swift
59,Jameson Williams,WR,,,,,espn,standard,68.25,,,2026-08-24T00:32:35.608012+00:00,jameson williams
60,Sam LaPorta,TE,,,,,espn,standard,69.22,,,2026-08-24T00:32:35.608012+00:00,samuel laporta
61,David Montgomery,RB,,,,,espn,standard,71.41,,,2026-08-24T00:32:35.608012+00:00,david montgomery
62,Bhayshul Tuten,RB,,,,,espn,standard,74.47,,,2026-08-24T00:32:35.608012+00:00,bhayshul tuten
63,Harold Fannin Jr.,TE,,,,,espn,standard,75.96,,,2026-08-24T00:32:35.608012+00:00,harold fannin
64,Jaxson Dart,QB,,,,,espn,standard,76.37,,,2026-08-24T00:32:35.608012+00:00,jaxson dart
65,Luther Burden III,WR,,,,,espn,standard,77.36,,,2026-08-24T00:32:35.608012+00:00,luther burden
66,Jadarian Price,RB,,,,,espn,standard,78.18,,,2026-08-24T00:32:35.608012+00:00,jadarian price
67,TreVeyon Henderson,RB,,,,,espn,standard,78.47,,,2026-08-24T00:32:35.608012+00:00,treveyon henderson
68,Carnell Tate,WR,,,,,espn,standard,78.95,,,2026-08-24T00:32:35.608012+00:00,carnell tate
69,Matthew Stafford,QB,,,,,espn,standard,79.89,,,2026-08-24T00:32:35.608012+00:00,matthew stafford
70,Courtland Sutton,WR,,,,,espn,standard,81.57,,,2026-08-24T00:32:35.608012+00:00,courtland sutton
71,Dak Prescott,QB,,,,,espn,standard,85.66,,,2026-08-24T00:32:35.608012+00:00,dak prescott
72,Brandon Aubrey,K,,,,,espn,standard,86.15,,,2026-08-24T00:32:35.608012+00:00,brandon aubrey
73,Rhamondre Stevenson,RB,,,,,espn,standard,86.43,,,2026-08-24T00:32:35.608012+00:00,rhamondre stevenson
74,Texans D/ST,DST,,,,,espn,standard,86.99,,,2026-08-24T00:32:35.608012+00:00,texans dst
75,DK Metcalf,WR,,,,,espn,standard,87.24,,,2026-08-24T00:32:35.608012+00:00,dk metcalf
76,Bo Nix,QB,,,,,espn,standard,87.41,,,2026-08-24T00:32:35.608012+00:00,bo nix
77,Marvin Harrison Jr.,WR,,,,,espn,standard,87.6,,,2026-08-24T00:32:35.608012+00:00,marvin harrison
78,Michael Pittman Jr.,WR,,,,,espn,standard,91.52,,,2026-08-24T00:32:35.608012+00:00,michael pittman
79,Tucker Kraft,TE,,,,,espn,standard,91.57,,,2026-08-24T00:32:35.608012+00:00,tucker kraft
80,Caleb Williams,QB,,,,,espn,standard,92.49,,,2026-08-24T00:32:35.608012+00:00,caleb williams
81,Trevor Lawrence,QB,,,,,espn,standard,93.34,,,2026-08-24T00:32:35.608012+00:00,trevor lawrence
82,Mike Evans,WR,,,,,espn,standard,94.22,,,2026-08-24T00:32:35.608012+00:00,michael evans
83,Parker Washington,WR,,,,,espn,standard,96.67,,,2026-08-24T00:32:35.608012+00:00,parker washington
84,Broncos D/ST,DST,,,,,espn,standard,96.76,,,2026-08-24T00:32:35.608012+00:00,broncos dst
85,Travis Kelce,TE,,,,,espn,standard,97.73,,,2026-08-24T00:32:35.608012+00:00,travis kelce
86,Christian Watson,WR,,,,,espn,standard,97.93,,,2026-08-24T00:32:35.608012+00:00,christian watson
87,George Kittle,TE,,,,,espn,standard,98.11,,,2026-08-24T00:32:35.608012+00:00,george kittle
88,Dallas Goedert,TE,,,,,espn,standard,99.05,,,2026-08-24T00:32:35.608012+00:00,dallas goedert
89,Jaylen Warren,RB,,,,,espn,standard,100.27,,,2026-08-24T00:32:35.608012+00:00,jaylen warren
90,Alec Pierce,WR,,,,,espn,standard,101.43,,,2026-08-24T00:32:35.608012+00:00,alec pierce
91,Brock Purdy,QB,,,,,espn,standard,103.27,,,2026-08-24T00:32:35.608012+00:00,brock purdy
92,Rams D/ST,DST,,,,,espn,standard,104.42,,,2026-08-24T00:32:35.608012+00:00,rams dst
93,Brian Thomas Jr.,WR,,,,,espn,standard,104.42,,,2026-08-24T00:32:35.608012+00:00,brian thomas
94,Matthew Golden,WR,,,,,espn,standard,104.5,,,2026-08-24T00:32:35.608012+00:00,matthew golden
95,Michael Wilson,WR,,,,,espn,standard,105.12,,,2026-08-24T00:32:35.608012+00:00,michael wilson
96,Rico Dowdle,RB,,,,,espn,standard,105.61,,,2026-08-24T00:32:35.608012+00:00,rico dowdle
97,Cameron Dicker,K,,,,,espn,standard,105.87,,,2026-08-24T00:32:35.608012+00:00,cameron dicker
98,Patrick Mahomes,QB,,,,,espn,standard,107.47,,,2026-08-24T00:32:35.608012+00:00,patrick mahomes
99,Justin Herbert,QB,,,,,espn,standard,107.54,,,2026-08-24T00:32:35.608012+00:00,justin herbert
100,Tony Pollard,RB,,,,,espn,standard,108.03,,,2026-08-24T00:32:35.608012+00:00,anthony pollard
101,Seahawks D/ST,DST,,,,,espn,standard,108.35,,,2026-08-24T00:32:35.608012+00:00,seahawks dst
102,Jake Ferguson,TE,,,,,espn,standard,111.65,,,2026-08-24T00:32:35.608012+00:00,jacob ferguson
103,Jakobi Meyers,WR,,,,,espn,standard,114.05,,,2026-08-24T00:32:35.608012+00:00,jakobi meyers
104,Wan'Dale Robinson,WR,,,,,espn,standard,115.81,,,2026-08-24T00:32:35.608012+00:00,wandale robinson
105,Steelers D/ST,DST,,,,,espn,standard,116.07,,,2026-08-24T00:32:35.608012+00:00,steelers dst
106,Jason Myers,K,,,,,espn,standard,117.34,,,2026-08-24T00:32:35.608012+00:00,jason myers
107,Jordan Addison,WR,,,,,espn,standard,117.5,,,2026-08-24T00:32:35.608012+00:00,jordan addison
108,J.K. Dobbins,RB,,,,,espn,standard,118.36,,,2026-08-24T00:32:35.608012+00:00,jk dobbins
109,Jonathon Brooks,RB,,,,,espn,standard,119.03,,,2026-08-24T00:32:35.608012+00:00,jonathon brooks
110,Kenny Gainwell,RB,,,,,espn,standard,119.35,,,2026-08-24T00:32:35.608012+00:00,kenneth gainwell
111,Travis Hunter,WR,,,,,espn,standard,120.57,,,2026-08-24T00:32:35.608012+00:00,travis hunter
112,Mark Andrews,TE,,,,,espn,standard,121.6,,,2026-08-24T00:32:35.608012+00:00,mark andrews
113,Chuba Hubbard,RB,,,,,espn,standard,122.11,,,2026-08-24T00:32:35.608012+00:00,chuba hubbard
114,Khalil Shakir,WR,,,,,espn,standard,125.16,,,2026-08-24T00:32:35.608012+00:00,khalil shakir
115,Xavier Worthy,WR,,,,,espn,standard,127.24,,,2026-08-24T00:32:35.608012+00:00,xavier worthy
116,Stefon Diggs,WR,,,,,espn,standard,128.39,,,2026-08-24T00:32:35.608012+00:00,stefon diggs
117,Isaiah Likely,TE,,,,,espn,standard,128.43,,,2026-08-24T00:32:35.608012+00:00,isaiah likely
118,Kyle Monangai,RB,,,,,espn,standard,128.91,,,2026-08-24T00:32:35.608012+00:00,kyle monangai
119,Jayden Reed,WR,,,,,espn,standard,129.04,,,2026-08-24T00:32:35.608012+00:00,jayden reed
120,Harrison Mevis,K,,,,,espn,standard,131.11,,,2026-08-24T00:32:35.608012+00:00,harrison mevis
121,Josh Downs,WR,,,,,espn,standard,131.57,,,2026-08-24T00:32:35.608012+00:00,joshua downs
122,Ravens D/ST,DST,,,,,espn,standard,132.3,,,2026-08-24T00:32:35.608012+00:00,ravens dst
123,Jacory Croskey-Merritt,RB,,,,,espn,standard,132.57,,,2026-08-24T00:32:35.608012+00:00,jacory croskeymerritt
124,Dalton Kincaid,TE,,,,,espn,standard,132.61,,,2026-08-24T00:32:35.608012+00:00,dalton kincaid
125,Ka'imi Fairbairn,K,,,,,espn,standard,132.83,,,2026-08-24T00:32:35.608012+00:00,kaimi fairbairn
126,Deebo Samuel Sr.,WR,,,,,espn,standard,132.9,,,2026-08-24T00:32:35.608012+00:00,deebo samuel
127,T.J. Hockenson,TE,,,,,espn,standard,133.09,,,2026-08-24T00:32:35.608012+00:00,tj hockenson
128,Aaron Jones Sr.,RB,,,,,espn,standard,133.94,,,2026-08-24T00:32:35.608012+00:00,aaron jones
129,Eagles D/ST,DST,,,,,espn,standard,135.19,,,2026-08-24T00:32:35.608012+00:00,eagles dst
130,Rachaad White,RB,,,,,espn,standard,136.53,,,2026-08-24T00:32:35.608012+00:00,rachaad white
131,Jared Goff,QB,,,,,espn,standard,137.36,,,2026-08-24T00:32:35.608012+00:00,jared goff
132,Blake Corum,RB,,,,,espn,standard,138.08,,,2026-08-24T00:32:35.608012+00:00,blake corum
133,Quentin Johnston,WR,,,,,espn,standard,138.86,,,2026-08-24T00:32:35.608012+00:00,quentin johnston
134,Cam Little,K,,,,,espn,standard,139.02,,,2026-08-24T00:32:35.608012+00:00,cameron little
135,RJ Harvey,RB,,,,,espn,standard,139.58,,,2026-08-24T00:32:35.608012+00:00,rj harvey
136,Jordan Mason,RB,,,,,espn,standard,142.0,,,2026-08-24T00:32:35.608012+00:00,jordan mason
137,Hunter Henry,TE,,,,,espn,standard,143.01,,,2026-08-24T00:32:35.608012+00:00,hunter henry
138,Makai Lemon,WR,,,,,espn,standard,143.77,,,2026-08-24T00:32:35.608012+00:00,makai lemon
139,Chris Godwin Jr.,WR,,,,,espn,standard,144.95,,,2026-08-24T00:32:35.608012+00:00,christopher godwin
140,Harrison Butker,K,,,,,espn,standard,145.91,,,2026-08-24T00:32:35.608012+00:00,harrison butker
141,Kenyon Sadiq,TE,,,,,espn,standard,146.09,,,2026-08-24T00:32:35.608012+00:00,kenyon sadiq
142,Kyler Murray,QB,,,,,espn,standard,146.81,,,2026-08-24T00:32:35.608012+00:00,kyler murray
143,KC Concepcion,WR,,,,,espn,standard,146.82,,,2026-08-24T00:32:35.608012+00:00,kc concepcion
144,Baker Mayfield,QB,,,,,espn,standard,148.05,,,2026-08-24T00:32:35.608012+00:00,baker mayfield
145,Eddy Pineiro,K,,,,,espn,standard,148.62,,,2026-08-24T00:32:35.608012+00:00,eddy pineiro
146,Patriots D/ST,DST,,,,,espn,standard,149.95,,,2026-08-24T00:32:35.608012+00:00,patriots dst
147,Woody Marks,RB,,,,,espn,standard,150.6,,,2026-08-24T00:32:35.608012+00:00,woody marks
148,Lions D/ST,DST,,,,,espn,standard,151.94,,,2026-08-24T00:32:35.608012+00:00,lions dst
149,Romeo Doubs,WR,,,,,espn,standard,152.26,,,2026-08-24T00:32:35.608012+00:00,romeo doubs
150,De'Zhaun Stribling,WR,,,,,espn,standard,153.12,,,2026-08-24T00:32:35.608012+00:00,dezhaun stribling
151,Jordyn Tyson,WR,,,,,espn,standard,153.56,,,2026-08-24T00:32:35.608012+00:00,jordyn tyson
152,Browns D/ST,DST,,,,,espn,standard,154.27,,,2026-08-24T00:32:35.608012+00:00,browns dst
153,Tyler Shough,QB,,,,,espn,standard,155.47,,,2026-08-24T00:32:35.608012+00:00,tyler shough
154,Jake Bates,K,,,,,espn,standard,155.95,,,2026-08-24T00:32:35.608012+00:00,jacob bates
155,Rashid Shaheed,WR,,,,,espn,standard,156.03,,,2026-08-24T00:32:35.608012+00:00,rashid shaheed
156,Zach Charbonnet,RB,,,,,espn,standard,157.01,,,2026-08-24T00:32:35.608012+00:00,zachary charbonnet
157,Jordan Love,QB,,,,,espn,standard,158.46,,,2026-08-24T00:32:35.608012+00:00,jordan love
158,Daniel Jones,QB,,,,,espn,standard,158.53,,,2026-08-24T00:32:35.608012+00:00,daniel jones
159,Alvin Kamara,RB,,,,,espn,standard,159.32,,,2026-08-24T00:32:35.608012+00:00,alvin kamara
160,Tank Dell,WR,,,,,espn,standard,159.64,,,2026-08-24T00:32:35.608012+00:00,tank dell
161,Jalen Coker,WR,,,,,espn,standard,160.53,,,2026-08-24T00:32:35.608012+00:00,jalen coker
162,Tyjae Spears,RB,,,,,espn,standard,161.42,,,2026-08-24T00:32:35.608012+00:00,tyjae spears
163,Sam Darnold,QB,,,,,espn,standard,162.03,,,2026-08-24T00:32:35.608012+00:00,samuel darnold
164,Chris Boswell,K,,,,,espn,standard,163.22,,,2026-08-24T00:32:35.608012+00:00,christopher boswell
165,Isiah Pacheco,RB,,,,,espn,standard,163.53,,,2026-08-24T00:32:35.608012+00:00,isiah pacheco
166,Chiefs D/ST,DST,,,,,espn,standard,163.56,,,2026-08-24T00:32:35.608012+00:00,chiefs dst
167,Juwan Johnson,TE,,,,,espn,standard,163.61,,,2026-08-24T00:32:35.608012+00:00,juwan johnson
168,Chargers D/ST,DST,,,,,espn,standard,163.93,,,2026-08-24T00:32:35.608012+00:00,chargers dst
169,Tyler Loop,K,,,,,espn,standard,164.18,,,2026-08-24T00:32:35.608012+00:00,tyler loop
170,Brian Robinson Jr.,RB,,,,,espn,standard,165.32,,,2026-08-24T00:32:35.608012+00:00,brian robinson
171,C.J. Stroud,QB,,,,,espn,standard,165.36,,,2026-08-24T00:32:35.608012+00:00,cj stroud
172,Tyler Allgeier,RB,,,,,espn,standard,165.5,,,2026-08-24T00:32:35.608012+00:00,tyler allgeier
173,Terrance Ferguson,TE,,,,,espn,standard,165.51,,,2026-08-24T00:32:35.608012+00:00,terrance ferguson
174,Jerry Jeudy,WR,,,,,espn,standard,165.65,,,2026-08-24T00:32:35.608012+00:00,jerry jeudy
175,Denzel Boston,WR,,,,,espn,standard,166.13,,,2026-08-24T00:32:35.608012+00:00,denzel boston
176,Cowboys D/ST,DST,,,,,espn,standard,166.22,,,2026-08-24T00:32:35.608012+00:00,cowboys dst
177,Chris Rodriguez Jr.,RB,,,,,espn,standard,166.42,,,2026-08-24T00:32:35.608012+00:00,christopher rodriguez
178,Malik Willis,QB,,,,,espn,standard,166.69,,,2026-08-24T00:32:35.608012+00:00,malik willis
179,Will Reichard,K,,,,,espn,standard,166.77,,,2026-08-24T00:32:35.608012+00:00,william reichard
180,Ja'Kobi Lane,WR,,,,,espn,standard,166.8,,,2026-08-24T00:32:35.608012+00:00,jakobi lane
181,Fernando Mendoza,QB,,,,,espn,standard,167.24,,,2026-08-24T00:32:35.608012+00:00,fernando mendoza
182,Brenton Strange,TE,,,,,espn,standard,167.8,,,2026-08-24T00:32:35.608012+00:00,brenton strange
183,Jaguars D/ST,DST,,,,,espn,standard,167.81,,,2026-08-24T00:32:35.608012+00:00,jaguars dst
184,Keenan Allen,WR,,,,,espn,standard,167.82,,,2026-08-24T00:32:35.608012+00:00,keenan allen
185,Dalton Schultz,TE,,,,,espn,standard,167.9,,,2026-08-24T00:32:35.608012+00:00,dalton schultz
186,Trey Smack,K,,,,,espn,standard,168.06,,,2026-08-24T00:32:35.608012+00:00,trey smack
187,Cairo Santos,K,,,,,espn,standard,168.09,,,2026-08-24T00:32:35.608012+00:00,cairo santos
188,Calvin Ridley,WR,,,,,espn,standard,168.21,,,2026-08-24T00:32:35.608012+00:00,calvin ridley
189,Tre Tucker,WR,,,,,espn,standard,168.29,,,2026-08-24T00:32:35.608012+00:00,tre tucker
190,Tyrone Tracy Jr.,RB,,,,,espn,standard,168.33,,,2026-08-24T00:32:35.608012+00:00,tyrone tracy
191,Packers D/ST,DST,,,,,espn,standard,168.38,,,2026-08-24T00:32:35.608012+00:00,packers dst
192,Vikings D/ST,DST,,,,,espn,standard,168.55,,,2026-08-24T00:32:35.608012+00:00,vikings dst
193,Jalen McMillan,WR,,,,,espn,standard,168.59,,,2026-08-24T00:32:35.608012+00:00,jalen mcmillan
194,49ers D/ST,DST,,,,,espn,standard,168.6,,,2026-08-24T00:32:35.608012+00:00,49ers dst
195,Mike Washington Jr.,RB,,,,,espn,standard,168.64,,,2026-08-24T00:32:35.608012+00:00,michael washington
196,Bills D/ST,DST,,,,,espn,standard,168.7,,,2026-08-24T00:32:35.608012+00:00,bills dst
197,Bryce Young,QB,,,,,espn,standard,168.73,,,2026-08-24T00:32:35.608012+00:00,bryce young
198,Jake Elliott,K,,,,,espn,standard,168.77,,,2026-08-24T00:32:35.608012+00:00,jacob elliott
199,Cooper Kupp,WR,,,,,espn,standard,168.78,,,2026-08-24T00:32:35.608012+00:00,cooper kupp
200,Pat Freiermuth,TE,,,,,espn,standard,168.89,,,2026-08-24T00:32:35.608012+00:00,pat freiermuth
201,Cam Ward,QB,,,,,espn,standard,168.93,,,2026-08-24T00:32:35.608012+00:00,cameron ward
202,Evan McPherson,K,,,,,espn,standard,168.94,,,2026-08-24T00:32:35.608012+00:00,evan mcpherson
203,Keaton Mitchell,RB,,,,,espn,standard,169.0,,,2026-08-24T00:32:35.608012+00:00,keaton mitchell
204,Aaron Rodgers,QB,,,,,espn,standard,169.09,,,2026-08-24T00:32:35.608012+00:00,aaron rodgers
205,Bears D/ST,DST,,,,,espn,standard,169.2,,,2026-08-24T00:32:35.608012+00:00,bears dst
206,AJ Barner,TE,,,,,espn,standard,169.34,,,2026-08-24T00:32:35.608012+00:00,aj barner
207,Tank Bigsby,RB,,,,,espn,standard,169.35,,,2026-08-24T00:32:35.608012+00:00,tank bigsby
208,Caleb Douglas,WR,,,,,espn,standard,169.37,,,2026-08-24T00:32:35.608012+00:00,caleb douglas
209,Cyrus Allen,WR,,,,,espn,standard,169.41,,,2026-08-24T00:32:35.608012+00:00,cyrus allen
210,Matt Gay,K,,,,,espn,standard,169.43,,,2026-08-24T00:32:35.608012+00:00,matthew gay
211,Giants D/ST,DST,,,,,espn,standard,169.43,,,2026-08-24T00:32:35.608012+00:00,giants dst
212,Dolphins D/ST,DST,,,,,espn,standard,169.45,,,2026-08-24T00:32:35.608012+00:00,dolphins dst
213,Tyler Bass,K,,,,,espn,standard,169.47,,,2026-08-24T00:32:35.608012+00:00,tyler bass
214,Darnell Washington,TE,,,,,espn,standard,169.51,,,2026-08-24T00:32:35.608012+00:00,darnell washington
215,David Njoku,TE,,,,,espn,standard,169.53,,,2026-08-24T00:32:35.608012+00:00,david njoku
216,Chase McLaughlin,K,,,,,espn,standard,169.57,,,2026-08-24T00:32:35.608012+00:00,chase mclaughlin
217,Shedeur Sanders,QB,,,,,espn,standard,169.6,,,2026-08-24T00:32:35.608012+00:00,shedeur sanders
218,Wil Lutz,K,,,,,espn,standard,169.64,,,2026-08-24T00:32:35.608012+00:00,wil lutz
219,Chig Okonkwo,TE,,,,,espn,standard,169.65,,,2026-08-24T00:32:35.608012+00:00,chig okonkwo
220,Jonah Coleman,RB,,,,,espn,standard,169.65,,,2026-08-24T00:32:35.608012+00:00,jonah coleman
221,J.J. McCarthy,QB,,,,,espn,standard,169.66,,,2026-08-24T00:32:35.608012+00:00,jj mccarthy
222,Commanders D/ST,DST,,,,,espn,standard,169.66,,,2026-08-24T00:32:35.608012+00:00,commanders dst
223,Cole Kmet,TE,,,,,espn,standard,169.69,,,2026-08-24T00:32:35.608012+00:00,cole kmet
224,Raiders D/ST,DST,,,,,espn,standard,169.71,,,2026-08-24T00:32:35.608012+00:00,raiders dst
225,Dawson Knox,TE,,,,,espn,standard,169.72,,,2026-08-24T00:32:35.608012+00:00,dawson knox
226,Ryan Fitzgerald,K,,,,,espn,standard,169.76,,,2026-08-24T00:32:35.608012+00:00,ryan fitzgerald
227,Panthers D/ST,DST,,,,,espn,standard,169.76,,,2026-08-24T00:32:35.608012+00:00,panthers dst
228,Cardinals D/ST,DST,,,,,espn,standard,169.76,,,2026-08-24T00:32:35.608012+00:00,cardinals dst
229,Buccaneers D/ST,DST,,,,,espn,standard,169.78,,,2026-08-24T00:32:35.608012+00:00,buccaneers dst
230,Bengals D/ST,DST,,,,,espn,standard,169.82,,,2026-08-24T00:32:35.608012+00:00,bengals dst
231,Jason Sanders,K,,,,,espn,standard,169.83,,,2026-08-24T00:32:35.608012+00:00,jason sanders
232,Tyler Higbee,TE,,,,,espn,standard,169.84,,,2026-08-24T00:32:35.608012+00:00,tyler higbee
233,Dominic Zvada,K,,,,,espn,standard,169.84,,,2026-08-24T00:32:35.608012+00:00,dominic zvada
234,KaVontae Turpin,WR,,,,,espn,standard,169.84,,,2026-08-24T00:32:35.608012+00:00,kavontae turpin
235,Andre Szmyt,K,,,,,espn,standard,169.86,,,2026-08-24T00:32:35.608012+00:00,andre szmyt
236,Joey Slye,K,,,,,espn,standard,169.88,,,2026-08-24T00:32:35.608012+00:00,joseph slye
237,Chad Ryland,K,,,,,espn,standard,169.88,,,2026-08-24T00:32:35.608012+00:00,chad ryland
238,Noah Gray,TE,,,,,espn,standard,169.88,,,2026-08-24T00:32:35.608012+00:00,noah gray
239,Carson Beck,QB,,,,,espn,standard,169.9,,,2026-08-24T00:32:35.608012+00:00,carson beck
240,Elijah Arroyo,TE,,,,,espn,standard,169.91,,,2026-08-24T00:32:35.608012+00:00,elijah arroyo
241,Drew Stevens,K,,,,,espn,standard,169.91,,,2026-08-24T00:32:35.608012+00:00,drew stevens
242,Riley Patterson,K,,,,,espn,standard,169.91,,,2026-08-24T00:32:35.608012+00:00,riley patterson
243,Malachi Fields,WR,,,,,espn,standard,169.91,,,2026-08-24T00:32:35.608012+00:00,malachi fields
244,Tommy DeVito,QB,,,,,espn,standard,169.91,,,2026-08-24T00:32:35.608012+00:00,tommy devito
245,Joe Flacco,QB,,,,,espn,standard,169.92,,,2026-08-24T00:32:35.608012+00:00,joseph flacco
246,Titans D/ST,DST,,,,,espn,standard,169.92,,,2026-08-24T00:32:35.608012+00:00,titans dst
247,Jameis Winston,QB,,,,,espn,standard,169.92,,,2026-08-24T00:32:35.608012+00:00,jameis winston
248,Ja'Tavion Sanders,TE,,,,,espn,standard,169.92,,,2026-08-24T00:32:35.608012+00:00,jatavion sanders
249,Kyle Juszczyk,RB,,,,,espn,standard,169.93,,,2026-08-24T00:32:35.608012+00:00,kyle juszczyk
250,Justin Fields,QB,,,,,espn,standard,169.93,,,2026-08-24T00:32:35.608012+00:00,justin fields
251,Kirk Cousins,QB,,,,,espn,standard,169.93,,,2026-08-24T00:32:35.608012+00:00,kirk cousins
252,Ty Simpson,QB,,,,,espn,standard,169.93,,,2026-08-24T00:32:35.608012+00:00,ty simpson
253,Joshua Palmer,WR,,,,,espn,standard,169.93,,,2026-08-24T00:32:35.608012+00:00,joshua palmer
254,Jordan Whittington,WR,,,,,espn,standard,169.94,,,2026-08-24T00:32:35.608012+00:00,jordan whittington
255,Josh Williams,RB,,,,,espn,standard,169.94,,,2026-08-24T00:32:35.608012+00:00,joshua williams
256,Zavion Thomas,WR,,,,,espn,standard,169.94,,,2026-08-24T00:32:35.608012+00:00,zavion thomas
257,Eli Raridon,TE,,,,,espn,standard,169.94,,,2026-08-24T00:32:35.608012+00:00,eli raridon
258,Eli Stowers,TE,,,,,espn,standard,169.94,,,2026-08-24T00:32:35.608012+00:00,eli stowers
259,Josh Oliver,TE,,,,,espn,standard,169.94,,,2026-08-24T00:32:35.608012+00:00,joshua oliver
260,Tommy Tremble,TE,,,,,espn,standard,169.95,,,2026-08-24T00:32:35.608012+00:00,tommy tremble
261,Hollywood Brown,WR,,,,,espn,standard,169.95,,,2026-08-24T00:32:35.608012+00:00,hollywood brown
262,Mac Jones,QB,,,,,espn,standard,169.95,,,2026-08-24T00:32:35.608012+00:00,mac jones
263,Jets D/ST,DST,,,,,espn,standard,169.95,,,2026-08-24T00:32:35.608012+00:00,jets dst
264,Christian Kirk,WR,,,,,espn,standard,169.95,,,2026-08-24T00:32:35.608012+00:00,christian kirk
265,Elijah Higgins,TE,,,,,espn,standard,169.95,,,2026-08-24T00:32:35.608012+00:00,elijah higgins
266,Kalif Raymond,WR,,,,,espn,standard,169.96,,,2026-08-24T00:32:35.608012+00:00,kalif raymond
267,Anthony Richardson Sr.,QB,,,,,espn,standard,169.96,,,2026-08-24T00:32:35.608012+00:00,anthony richardson
268,Colbie Young,WR,,,,,espn,standard,169.96,,,2026-08-24T00:32:35.608012+00:00,colbie young
269,Noah Fant,TE,,,,,espn,standard,169.96,,,2026-08-24T00:32:35.608012+00:00,noah fant
270,Devontez Walker,WR,,,,,espn,standard,169.96,,,2026-08-24T00:32:35.608012+00:00,devontez walker
271,Tyson Bagent,QB,,,,,espn,standard,169.96,,,2026-08-24T00:32:35.608012+00:00,tyson bagent
272,Sam Howell,QB,,,,,espn,standard,169.96,,,2026-08-24T00:32:35.608012+00:00,samuel howell
273,Isaiah Bond,WR,,,,,espn,standard,169.96,,,2026-08-24T00:32:35.608012+00:00,isaiah bond
274,Cade Stover,TE,,,,,espn,standard,169.97,,,2026-08-24T00:32:35.608012+00:00,cade stover
275,Jarrett Stidham,QB,,,,,espn,standard,169.97,,,2026-08-24T00:32:35.608012+00:00,jarrett stidham
276,Austin Hooper,TE,,,,,espn,standard,169.97,,,2026-08-24T00:32:35.608012+00:00,austin hooper
277,Elijah Sarratt,WR,,,,,espn,standard,169.97,,,2026-08-24T00:32:35.608012+00:00,elijah sarratt
278,Will Kacmarek,TE,,,,,espn,standard,169.97,,,2026-08-24T00:32:35.608012+00:00,william kacmarek
279,Evan Engram,TE,,,,,espn,standard,169.98,,,2026-08-24T00:32:35.608012+00:00,evan engram
280,Jacob Saylors,RB,,,,,espn,standard,169.98,,,2026-08-24T00:32:35.608012+00:00,jacob saylors
281,Max Klare,TE,,,,,espn,standard,169.98,,,2026-08-24T00:32:35.608012+00:00,max klare
282,Emmett Johnson,RB,,,,,espn,standard,169.98,,,2026-08-24T00:32:35.608012+00:00,emmett johnson
283,Charlie Kolar,TE,,,,,espn,standard,169.98,,,2026-08-24T00:32:35.608012+00:00,charlie kolar
284,Najee Harris,RB,,,,,espn,standard,169.98,,,2026-08-24T00:32:35.608012+00:00,najee harris
285,Olamide Zaccheaus,WR,,,,,espn,standard,169.98,,,2026-08-24T00:32:35.608012+00:00,olamide zaccheaus
286,Bryce Lance,WR,,,,,espn,standard,169.98,,,2026-08-24T00:32:35.608012+00:00,bryce lance
287,Jake Browning,QB,,,,,espn,standard,169.98,,,2026-08-24T00:32:35.608012+00:00,jacob browning
288,Kevin Coleman Jr.,WR,,,,,espn,standard,169.98,,,2026-08-24T00:32:35.608012+00:00,kevin coleman
289,Isaiah Williams,WR,,,,,espn,standard,169.98,,,2026-08-24T00:32:35.608012+00:00,isaiah williams
290,Dyami Brown,WR,,,,,espn,standard,169.98,,,2026-08-24T00:32:35.608012+00:00,dyami brown
291,Malik Benson,WR,,,,,espn,standard,169.98,,,2026-08-24T00:32:35.608012+00:00,malik benson
292,John Bates,TE,,,,,espn,standard,169.98,,,2026-08-24T00:32:35.608012+00:00,john bates
293,Drew Sample,TE,,,,,espn,standard,169.98,,,2026-08-24T00:32:35.608012+00:00,drew sample
294,Treylon Burks,WR,,,,,espn,standard,169.99,,,2026-08-24T00:32:35.608012+00:00,treylon burks
295,Jaylin Lane,WR,,,,,espn,standard,169.99,,,2026-08-24T00:32:35.608012+00:00,jaylin lane
296,Marcus Mariota,QB,,,,,espn,standard,169.99,,,2026-08-24T00:32:35.608012+00:00,marcus mariota
297,Kendrick Bourne,WR,,,,,espn,standard,170.0,,,2026-08-24T00:32:35.608012+00:00,kendrick bourne
298,DeeJay Dallas,RB,,,,,espn,standard,170.0,,,2026-08-24T00:32:35.608012+00:00,deejay dallas
299,Nick Mullens,QB,,,,,espn,standard,170.0,,,2026-08-24T00:32:35.608012+00:00,nicholas mullens
300,Trevor Etienne,RB,,,,,espn,standard,170.0,,,2026-08-24T00:32:35.608012+00:00,trevor etienne
301,Tua Tagovailoa,QB,,,,,espn,standard,170.02,,,2026-08-24T00:32:35.608012+00:00,tua tagovailoa
302,Erick All Jr.,TE,,,,,espn,standard,170.03,,,2026-08-24T00:32:35.608012+00:00,erick all
303,Andy Borregales,K,,,,,espn,standard,170.04,,,2026-08-24T00:32:35.608012+00:00,andy borregales
304,Blake Grupe,K,,,,,espn,standard,170.04,,,2026-08-24T00:32:35.608012+00:00,blake grupe
305,Jacoby Brissett,QB,,,,,espn,standard,170.04,,,2026-08-24T00:32:35.608012+00:00,jacoby brissett
306,Mason Taylor,TE,,,,,espn,standard,170.05,,,2026-08-24T00:32:35.608012+00:00,mason taylor
307,Adonai Mitchell,WR,,,,,espn,standard,170.05,,,2026-08-24T00:32:35.608012+00:00,adonai mitchell
308,Tyler Badie,RB,,,,,espn,standard,170.06,,,2026-08-24T00:32:35.608012+00:00,tyler badie
309,Kaleb Johnson,RB,,,,,espn,standard,170.06,,,2026-08-24T00:32:35.608012+00:00,kaleb johnson
310,Oronde Gadsden,TE,,,,,espn,standard,170.06,,,2026-08-24T00:32:35.608012+00:00,oronde gadsden
311,Deshaun Watson,QB,,,,,espn,standard,170.06,,,2026-08-24T00:32:35.608012+00:00,deshaun watson
312,Michael Penix Jr.,QB,,,,,espn,standard,170.07,,,2026-08-24T00:32:35.608012+00:00,michael penix
313,Chimere Dike,WR,,,,,espn,standard,170.07,,,2026-08-24T00:32:35.608012+00:00,chimere dike
314,Andrei Iosivas,WR,,,,,espn,standard,170.07,,,2026-08-24T00:32:35.608012+00:00,andrei iosivas
315,Rasheen Ali,RB,,,,,espn,standard,170.07,,,2026-08-24T00:32:35.608012+00:00,rasheen ali
316,Dylan Laube,RB,,,,,espn,standard,170.08,,,2026-08-24T00:32:35.608012+00:00,dylan laube
317,Bam Knight,RB,,,,,espn,standard,170.08,,,2026-08-24T00:32:35.608012+00:00,bam knight
318,Brashard Smith,RB,,,,,espn,standard,170.08,,,2026-08-24T00:32:35.608012+00:00,brashard smith
319,Tutu Atwell,WR,,,,,espn,standard,170.09,,,2026-08-24T00:32:35.608012+00:00,tutu atwell
320,Kene Nwangwu,RB,,,,,espn,standard,170.11,,,2026-08-24T00:32:35.608012+00:00,kene nwangwu
321,Falcons D/ST,DST,,,,,espn,standard,170.12,,,2026-08-24T00:32:35.608012+00:00,falcons dst
322,Will Shipley,RB,,,,,espn,standard,170.12,,,2026-08-24T00:32:35.608012+00:00,william shipley
323,DeMario Douglas,WR,,,,,espn,standard,170.12,,,2026-08-24T00:32:35.608012+00:00,demario douglas
324,Isaac Guerendo,RB,,,,,espn,standard,170.12,,,2026-08-24T00:32:35.608012+00:00,isaac guerendo
325,Marvin Mims Jr.,WR,,,,,espn,standard,170.13,,,2026-08-24T00:32:35.608012+00:00,marvin mims
326,Jawhar Jordan,RB,,,,,espn,standard,170.14,,,2026-08-24T00:32:35.608012+00:00,jawhar jordan
327,Colts D/ST,DST,,,,,espn,standard,170.14,,,2026-08-24T00:32:35.608012+00:00,colts dst
328,Phil Mafah,RB,,,,,espn,standard,170.14,,,2026-08-24T00:32:35.608012+00:00,phil mafah
329,Saints D/ST,DST,,,,,espn,standard,170.15,,,2026-08-24T00:32:35.608012+00:00,saints dst
330,Savion Williams,WR,,,,,espn,standard,170.15,,,2026-08-24T00:32:35.608012+00:00,savion williams
331,Xavier Hutchinson,WR,,,,,espn,standard,170.16,,,2026-08-24T00:32:35.608012+00:00,xavier hutchinson
332,Charlie Smyth,K,,,,,espn,standard,170.16,,,2026-08-24T00:32:35.608012+00:00,charlie smyth
333,Kendre Miller,RB,,,,,espn,standard,170.16,,,2026-08-24T00:32:35.608012+00:00,kendre miller
334,Seth McGowan,RB,,,,,espn,standard,170.16,,,2026-08-24T00:32:35.608012+00:00,seth mcgowan
335,Nick Folk,K,,,,,espn,standard,170.17,,,2026-08-24T00:32:35.608012+00:00,nicholas folk
336,Tahj Brooks,RB,,,,,espn,standard,170.17,,,2026-08-24T00:32:35.608012+00:00,tahj brooks
337,Ted Hurst III,WR,,,,,espn,standard,170.19,,,2026-08-24T00:32:35.608012+00:00,ted hurst
338,Theo Johnson,TE,,,,,espn,standard,170.2,,,2026-08-24T00:32:35.608012+00:00,theo johnson
339,James Conner,RB,,,,,espn,standard,170.2,,,2026-08-24T00:32:35.608012+00:00,james conner
340,Emanuel Wilson,RB,,,,,espn,standard,170.22,,,2026-08-24T00:32:35.608012+00:00,emanuel wilson
341,Isaac TeSlaa,WR,,,,,espn,standard,170.22,,,2026-08-24T00:32:35.608012+00:00,isaac teslaa
342,DJ Giddens,RB,,,,,espn,standard,170.23,,,2026-08-24T00:32:35.608012+00:00,dj giddens
343,Geno Smith,QB,,,,,espn,standard,170.23,,,2026-08-24T00:32:35.608012+00:00,geno smith
344,Chris Brooks,RB,,,,,espn,standard,170.24,,,2026-08-24T00:32:35.608012+00:00,christopher brooks
345,Malik Washington,WR,,,,,espn,standard,170.24,,,2026-08-24T00:32:35.608012+00:00,malik washington
346,Darren Waller,TE,,,,,espn,standard,170.25,,,2026-08-24T00:32:35.608012+00:00,darren waller
347,George Holani,RB,,,,,espn,standard,170.28,,,2026-08-24T00:32:35.608012+00:00,george holani
348,Troy Franklin,WR,,,,,espn,standard,170.29,,,2026-08-24T00:32:35.608012+00:00,troy franklin
349,Jack Bech,WR,,,,,espn,standard,170.31,,,2026-08-24T00:32:35.608012+00:00,jack bech
350,Mike Gesicki,TE,,,,,espn,standard,170.31,,,2026-08-24T00:32:35.608012+00:00,michael gesicki
351,Keon Coleman,WR,,,,,espn,standard,170.33,,,2026-08-24T00:32:35.608012+00:00,keon coleman
352,Tory Horton,WR,,,,,espn,standard,170.34,,,2026-08-24T00:32:35.608012+00:00,tory horton
353,Sean Tucker,RB,,,,,espn,standard,170.34,,,2026-08-24T00:32:35.608012+00:00,sean tucker
354,Colby Parkinson,TE,,,,,espn,standard,170.34,,,2026-08-24T00:32:35.608012+00:00,colby parkinson
355,LeQuint Allen Jr.,RB,,,,,espn,standard,170.35,,,2026-08-24T00:32:35.608012+00:00,lequint allen
356,Nicholas Singleton,RB,,,,,espn,standard,170.35,,,2026-08-24T00:32:35.608012+00:00,nicholas singleton
357,Michael Mayer,TE,,,,,espn,standard,170.35,,,2026-08-24T00:32:35.608012+00:00,michael mayer
358,Emari Demercado,RB,,,,,espn,standard,170.35,,,2026-08-24T00:32:35.608012+00:00,emari demercado
359,Greg Dulcich,TE,,,,,espn,standard,170.36,,,2026-08-24T00:32:35.608012+00:00,greg dulcich
360,Adam Randall,RB,,,,,espn,standard,170.36,,,2026-08-24T00:32:35.608012+00:00,adam randall
361,Jake Tonges,TE,,,,,espn,standard,170.36,,,2026-08-24T00:32:35.608012+00:00,jacob tonges
362,Demond Claiborne,RB,,,,,espn,standard,170.38,,,2026-08-24T00:32:35.608012+00:00,demond claiborne
363,Kaytron Allen,RB,,,,,espn,standard,170.39,,,2026-08-24T00:32:35.608012+00:00,kaytron allen
364,Tyquan Thornton,WR,,,,,espn,standard,170.4,,,2026-08-24T00:32:35.608012+00:00,tyquan thornton
365,Cade Otton,TE,,,,,espn,standard,170.41,,,2026-08-24T00:32:35.608012+00:00,cade otton
366,Darius Slayton,WR,,,,,espn,standard,170.45,,,2026-08-24T00:32:35.608012+00:00,darius slayton
367,Jaylen Wright,RB,,,,,espn,standard,170.45,,,2026-08-24T00:32:35.608012+00:00,jaylen wright
368,Gunnar Helm,TE,,,,,espn,standard,170.46,,,2026-08-24T00:32:35.608012+00:00,gunnar helm
369,Darnell Mooney,WR,,,,,espn,standard,170.47,,,2026-08-24T00:32:35.608012+00:00,darnell mooney
370,Chris Bell,WR,,,,,espn,standard,170.48,,,2026-08-24T00:32:35.608012+00:00,christopher bell
371,Kaelon Black,RB,,,,,espn,standard,170.49,,,2026-08-24T00:32:35.608012+00:00,kaelon black
372,Jalen Tolbert,WR,,,,,espn,standard,170.49,,,2026-08-24T00:32:35.608012+00:00,jalen tolbert
373,Isaiah Davis,RB,,,,,espn,standard,170.5,,,2026-08-24T00:32:35.608012+00:00,isaiah davis
374,MarShawn Lloyd,RB,,,,,espn,standard,170.51,,,2026-08-24T00:32:35.608012+00:00,marshawn lloyd
375,Jaydon Blue,RB,,,,,espn,standard,170.52,,,2026-08-24T00:32:35.608012+00:00,jaydon blue
376,Pat Bryant,WR,,,,,espn,standard,170.53,,,2026-08-24T00:32:35.608012+00:00,pat bryant
377,Ollie Gordon II,RB,,,,,espn,standard,170.54,,,2026-08-24T00:32:35.608012+00:00,ollie gordon
378,Jalen Nailor,WR,,,,,espn,standard,170.54,,,2026-08-24T00:32:35.608012+00:00,jalen nailor
379,Jahan Dotson,WR,,,,,espn,standard,170.56,,,2026-08-24T00:32:35.608012+00:00,jahan dotson
380,Ty Johnson,RB,,,,,espn,standard,170.56,,,2026-08-24T00:32:35.608012+00:00,ty johnson
381,Xavier Legette,WR,,,,,espn,standard,170.62,,,2026-08-24T00:32:35.608012+00:00,xavier legette
382,Braelon Allen,RB,,,,,espn,standard,170.7,,,2026-08-24T00:32:35.608012+00:00,braelon allen
383,Ryan Flournoy,WR,,,,,espn,standard,170.72,,,2026-08-24T00:32:35.608012+00:00,ryan flournoy
384,Jauan Jennings,WR,,,,,espn,standard,170.77,,,2026-08-24T00:32:35.608012+00:00,jauan jennings
385,Dontayvion Wicks,WR,,,,,espn,standard,170.77,,,2026-08-24T00:32:35.608012+00:00,dontayvion wicks
386,Zachariah Branch,WR,,,,,espn,standard,170.78,,,2026-08-24T00:32:35.608012+00:00,zachariah branch
387,Antonio Williams,WR,,,,,espn,standard,170.79,,,2026-08-24T00:32:35.608012+00:00,antonio williams
388,Kayshon Boutte,WR,,,,,espn,standard,170.8,,,2026-08-24T00:32:35.608012+00:00,kayshon boutte
389,Kimani Vidal,RB,,,,,espn,standard,170.82,,,2026-08-24T00:32:35.608012+00:00,kimani vidal
390,Jordan James,RB,,,,,espn,standard,170.82,,,2026-08-24T00:32:35.608012+00:00,jordan james
391,Justice Hill,RB,,,,,espn,standard,170.85,,,2026-08-24T00:32:35.608012+00:00,justice hill
392,Ray Davis,RB,,,,,espn,standard,170.91,,,2026-08-24T00:32:35.608012+00:00,ray davis
393,Samaje Perine,RB,,,,,espn,standard,170.93,,,2026-08-24T00:32:35.608012+00:00,samaje perine
394,Dylan Sampson,RB,,,,,espn,standard,170.94,,,2026-08-24T00:32:35.608012+00:00,dylan sampson
395,Tre' Harris,WR,,,,,espn,standard,170.96,,,2026-08-24T00:32:35.608012+00:00,tre harris
396,Rashod Bateman,WR,,,,,espn,standard,171.07,,,2026-08-24T00:32:35.608012+00:00,rashod bateman
397,Omar Cooper Jr.,WR,,,,,espn,standard,171.07,,,2026-08-24T00:32:35.608012+00:00,omar cooper
398,Germie Bernard,WR,,,,,espn,standard,171.12,,,2026-08-24T00:32:35.608012+00:00,germie bernard
399,Jaylin Noel,WR,,,,,espn,standard,171.15,,,2026-08-24T00:32:35.608012+00:00,jaylin noel
400,Devaughn Vele,WR,,,,,espn,standard,171.29,,,2026-08-24T00:32:35.608012+00:00,devaughn vele
