player_id,player_name,position,recent_team,wk1_opp,wk1_points,wk1_vorp,matchup_mult,base_pg,projected_season_points,wk1_overall_rank,wk1_pos_rank,overall_rank
00-0033280,Christian McCaffrey,RB,SF,LA,20.75,9.46,1.12,18.523529411764706,314.9,1,1,5
00-0036900,Ja'Marr Chase,WR,CIN,TB,17.86,7.51,1.007395273386558,17.72941176470588,301.4,2,1,3
00-0039139,Jahmyr Gibbs,RB,DET,NO,18.55,7.26,0.954058075399458,19.447058823529414,330.6,3,2,1
00-0039075,Puka Nacua,WR,LA,SF,17.59,7.24,1.002368385437813,17.552941176470586,298.4,4,2,4
00-0034844,Saquon Barkley,RB,PHI,WAS,18.32,7.03,1.12,16.352941176470587,278.0,5,3,14
00-0038542,Bijan Robinson,RB,ATL,PIT,18.04,6.75,0.9388112997936835,19.211764705882356,326.6,6,4,2
00-0039338,Brock Bowers,TE,LV,MIA,14.44,6.34,1.12,12.894117647058822,219.2,7,1,15
00-0039040,De'Von Achane,RB,MIA,LV,17.21,5.92,1.0344538372599936,16.63529411764706,282.8,8,5,12
00-0040666,Omarion Hampton,RB,LAC,ARI,17.03,5.74,1.12,15.205882352941176,258.5,9,6,19
00-0038543,Jaxon Smith-Njigba,WR,SEA,NE,15.98,5.63,1.007862161257946,15.852941176470589,269.5,10,3,8
00-0032764,Derrick Henry,RB,BAL,IND,16.89,5.6,1.0111023711594231,16.705882352941178,284.0,11,7,10
00-0037248,James Cook,RB,BUF,HOU,16.76,5.47,0.9815589353612166,17.076470588235296,290.3,12,8,7
00-0036223,Jonathan Taylor,RB,IND,BAL,16.11,4.82,0.88,18.305882352941175,311.2,13,9,6
00-0036358,CeeDee Lamb,WR,DAL,NYG,14.87,4.52,1.0216450904927,14.558823529411764,247.5,14,4,16
00-0037744,Trey McBride,TE,ARI,LAC,12.55,4.45,0.9553353493897829,13.141176470588235,223.4,15,2,13
00-0034857,Josh Allen,QB,BUF,HOU,22.61,4.44,0.9764265880276385,23.158823529411762,393.7,16,1,11
00-0037840,Kyren Williams,RB,LA,SF,15.68,4.39,1.1017110266159695,14.229411764705883,241.9,17,10,25
00-0036963,Amon-Ra St. Brown,WR,DET,NO,14.73,4.38,0.9374184929546104,15.711764705882354,267.1,18,5,9
00-0039067,Rashee Rice,WR,KC,DEN,14.55,4.2,1.0375174337517434,14.023529411764706,238.4,19,6,18
00-0039337,Malik Nabers,WR,NYG,DAL,14.36,4.01,1.12,12.81764705882353,217.9,20,7,30
00-0037238,Drake London,WR,ATL,PIT,14.19,3.84,1.0244396435322711,13.847058823529412,235.4,21,8,20
00-0038597,Chase Brown,RB,CIN,TB,14.88,3.59,1.0177742186167291,14.617647058823529,248.5,22,11,21
00-0036322,Justin Jefferson,WR,MIN,GB,13.92,3.57,1.0784499054820416,12.911764705882353,219.5,23,9,29
00-0037239,Chris Olave,WR,NO,DET,13.84,3.49,1.12,12.358823529411765,210.1,24,10,36
00-0036442,Joe Burrow,QB,CIN,TB,21.62,3.45,1.12,19.305882352941175,328.2,25,2,44
00-0040126,Colston Loveland,TE,CHI,CAR,11.32,3.22,1.0334863376174535,10.952941176470588,186.2,26,3,27
00-0037247,George Pickens,WR,DAL,NYG,13.27,2.92,1.0216450904927,12.988235294117647,220.8,27,11,26
00-0040124,Tetairoa McMillan,WR,CAR,CHI,13.25,2.9,1.12,11.829411764705881,201.1,28,12,41
00-0036389,Jalen Hurts,QB,PHI,WAS,21.06,2.89,1.0801411392191869,19.5,331.5,29,3,40
00-0040122,Ashton Jeanty,RB,LV,MIA,13.99,2.7,0.9150277677742187,15.294117647058824,260.0,30,12,17
00-0035676,A.J. Brown,WR,NE,SEA,13.03,2.68,0.9921378387420543,13.13529411764706,223.3,31,13,24
00-0036275,D'Andre Swift,RB,CHI,CAR,13.87,2.58,1.12,12.382352941176471,210.5,32,13,52
00-0040691,Jaxson Dart,QB,NYG,DAL,20.69,2.52,1.12,18.470588235294116,314.0,33,4,63
00-0036997,Javonte Williams,RB,DAL,NYG,13.81,2.52,1.1021730889516481,12.529411764705882,213.0,34,14,49
00-0037740,Garrett Wilson,WR,NYJ,TEN,12.81,2.46,1.107398454149305,11.570588235294117,196.7,35,14,47
00-0036410,Tee Higgins,WR,CIN,TB,12.8,2.45,1.007395273386558,12.705882352941176,216.0,36,15,33
00-0033288,George Kittle,TE,SF,LA,10.42,2.32,0.9521046301864101,10.947058823529412,186.1,37,4,28
00-0037834,Brock Purdy,QB,SF,LA,20.34,2.17,1.0990438892049184,18.50588235294118,314.6,38,5,60
00-0036912,DeVonta Smith,WR,PHI,WAS,12.5,2.15,1.1058716880307897,11.305882352941175,192.2,39,16,50
00-0039064,Zay Flowers,WR,BAL,IND,12.47,2.12,1.0710105283246922,11.641176470588235,197.9,40,17,45
00-0030506,Travis Kelce,TE,KC,DEN,10.21,2.11,1.12,9.111764705882353,154.9,41,5,54
00-0036970,Kyle Pitts,TE,ATL,PIT,10.18,2.08,1.12,9.088235294117647,154.5,42,6,55
00-0035700,Josh Jacobs,RB,GB,MIN,13.33,2.04,0.9657338084497432,13.799999999999999,234.6,43,15,35
00-0039361,Bucky Irving,RB,TB,CIN,13.28,1.99,1.0721497753937719,12.382352941176471,210.5,44,16,53
00-0034351,Dallas Goedert,TE,PHI,WAS,9.98,1.88,1.12,8.911764705882353,151.5,45,7,57
00-0034796,Lamar Jackson,QB,BAL,IND,20.05,1.88,1.0047950281267894,19.958823529411767,339.3,46,6,37
00-0036554,Nico Collins,WR,HOU,BUF,12.2,1.85,0.918459872783868,13.282352941176471,225.8,47,18,22
00-0033873,Patrick Mahomes,QB,KC,DEN,19.96,1.79,1.0886907627007396,18.329411764705885,311.6,48,7,69
00-0031381,Davante Adams,WR,LA,SF,12.07,1.72,1.002368385437813,12.041176470588235,204.7,49,19,38
00-0031408,Mike Evans,WR,SF,LA,11.87,1.52,1.12,10.6,180.2,50,20,71
00-0039851,Drake Maye,QB,NE,SEA,19.63,1.46,1.0090309398715704,19.45294117647059,330.7,51,8,42
00-0035640,DK Metcalf,WR,PIT,ATL,11.73,1.38,1.12,10.476470588235294,178.1,52,21,78
LOV121782,Jeremiyah Love,RB,ARI,LAC,12.66,1.37,0.88,14.382352941176471,244.5,53,17,23
00-0040128,Tyler Warren,TE,IND,BAL,9.42,1.32,0.88,10.700000000000001,181.9,54,9,32
00-0038996,Tucker Kraft,TE,GB,MIN,9.42,1.32,0.88,10.700000000000001,181.9,55,8,31
00-0038134,Kenneth Walker III,RB,KC,DEN,12.58,1.29,0.9074103515279986,13.858823529411765,235.6,56,18,34
00-0040715,Cam Skattebo,RB,NYG,DAL,12.38,1.09,0.9467190431964214,13.076470588235296,222.3,57,19,39
00-0036973,Travis Etienne,RB,NO,DET,12.36,1.07,1.028115582175553,12.023529411764706,204.4,58,20,62
00-0036355,Justin Herbert,QB,LAC,ARI,19.22,1.05,1.0501751608448142,18.305882352941175,311.2,59,9,70
00-0039065,Sam LaPorta,TE,DET,NO,9.13,1.03,0.9411185827264198,9.705882352941176,165.0,60,10,43
00-0038933,Dalton Kincaid,TE,BUF,HOU,8.96,0.86,1.0806341926300806,8.294117647058824,141.0,61,11,91
00-0035261,Tony Pollard,RB,TEN,NYJ,12.12,0.83,1.12,10.81764705882353,183.9,62,21,142
00-0040663,Harold Fannin Jr.,TE,CLE,JAX,8.76,0.66,0.9133437736256615,9.588235294117647,163.0,63,12,46
PRI206342,Jadarian Price,RB,SEA,NE,11.91,0.62,1.0193590218599482,11.68235294117647,198.6,64,22,79
00-0039910,Jayden Daniels,QB,WAS,PHI,18.71,0.54,0.9884357068811961,18.929411764705883,321.8,65,10,51
00-0036252,Michael Pittman,WR,PIT,ATL,10.88,0.53,1.12,9.717647058823529,165.2,66,22,136
00-0034855,Baker Mayfield,QB,TB,CIN,18.67,0.5,1.0729191228483848,17.400000000000002,295.8,67,11,135
00-0039915,Ladd McConkey,WR,LAC,ARI,10.82,0.47,0.9939088393396738,10.888235294117647,185.1,68,23,59
TAT143045,Carnell Tate,WR,TEN,NYJ,10.78,0.43,1.0285155380260187,10.476470588235294,178.1,69,24,80
00-0034348,Courtland Sutton,WR,DEN,KC,10.76,0.41,1.00256051401126,10.729411764705883,182.4,70,25,65
00-0035685,David Montgomery,RB,HOU,BUF,11.68,0.39,1.015019011406844,11.511764705882353,195.7,71,23,88
00-0040734,TreVeyon Henderson,RB,NE,SEA,11.66,0.37,0.9806409781400519,11.888235294117647,202.1,72,24,68
LEM694125,Makai Lemon,WR,PHI,WAS,10.62,0.27,1.1058716880307897,9.605882352941178,163.3,73,27,143
00-0036613,Jaylen Waddle,WR,DEN,KC,10.62,0.27,1.00256051401126,10.588235294117647,180.0,74,26,72
00-0037692,Brandon Aubrey,K,DAL,NYG,6.75,0.26,1.0,6.747058823529412,114.7,75,1,73
00-0037224,Cameron Dicker,K,LAC,ARI,6.72,0.23,1.0,6.723529411764706,114.3,76,2,74
00-0032726,Ka'imi Fairbairn,K,HOU,BUF,6.7,0.21,1.0,6.7,113.9,77,3,76
00-0037664,Alec Pierce,WR,IND,BAL,10.56,0.21,1.065157924870384,9.911764705882353,168.5,78,28,123
00-0031492,Jason Myers,K,SEA,NE,6.65,0.16,1.0,6.652941176470588,113.1,79,5,82
00-0039409,Cam Little,K,JAX,CLE,6.65,0.16,1.0,6.652941176470588,113.1,80,4,81
00-0039732,Bo Nix,QB,DEN,KC,18.33,0.16,1.0202091824704416,17.970588235294116,305.5,81,12,92
00-0040074,Tyler Loop,K,BAL,IND,6.63,0.14,1.0,6.629411764705883,112.7,82,6,83
00-0039172,Jake Bates,K,DET,NO,6.61,0.12,1.0,6.605882352941176,112.3,83,7,84
00-0034173,Eddy Pineiro,K,SF,LA,6.58,0.09,1.0,6.582352941176471,111.9,84,8,85
00-0038544,Quentin Johnston,WR,LAC,ARI,10.44,0.09,0.9939088393396738,10.5,178.5,85,29,77
00-0039498,Harrison Mevis,K,LA,SF,6.56,0.07,1.0,6.5588235294117645,111.5,86,9,86
00-0031203,Cairo Santos,K,CHI,CAR,6.54,0.05,1.0,6.535294117647059,111.1,87,10,87
00-0036854,Evan McPherson,K,CIN,TB,6.49,0.0,1.0,6.488235294117647,110.3,88,12,94
00-0031136,Chris Boswell,K,PIT,ATL,6.49,0.0,1.0,6.488235294117647,110.3,89,13,95
00-0040200,Andy Borregales,K,NE,SEA,6.49,0.0,1.0,6.488235294117647,110.3,90,11,93
00-0033077,Dak Prescott,QB,DAL,NYG,18.17,0.0,1.023389025499377,17.75294117647059,301.8,91,13,110
00-0038994,Jordan Addison,WR,MIN,GB,10.35,0.0,1.0784499054820416,9.594117647058823,163.1,92,30,144
00-0040189,Oronde Gadsden II,TE,LAC,ARI,8.1,0.0,1.0808408918278898,7.4941176470588236,127.4,93,13,150
00-0036875,Rhamondre Stevenson,RB,NE,SEA,11.29,0.0,0.9806409781400519,11.511764705882353,195.7,94,25,89
00-0039404,Will Reichard,K,MIN,GB,6.46,-0.03,1.0,6.464705882352941,109.9,95,14,98
00-0033090,Hunter Henry,TE,NE,SEA,8.06,-0.04,1.0135135135135136,7.9529411764705875,135.2,96,14,117
00-0033303,Harrison Butker,K,KC,DEN,6.44,-0.05,1.0,6.4411764705882355,109.5,97,15,99
00-0035358,Chase McLaughlin,K,TB,CIN,6.42,-0.07,1.0,6.417647058823529,109.1,98,16,100
00-0038559,Michael Wilson,WR,ARI,LAC,10.27,-0.08,0.9968944099378882,10.305882352941175,175.2,99,32,90
00-0037240,Jameson Williams,WR,DET,NO,10.27,-0.08,0.9374184929546104,10.958823529411765,186.3,100,31,56
00-0032569,Wil Lutz,K,DEN,KC,6.39,-0.1,1.0,6.394117647058824,108.7,101,17,101
00-0038428,Andre Szmyt,K,CLE,JAX,6.36,-0.13,1.0,6.364705882352942,108.2,102,18,102
00-0033885,David Njoku,TE,LAC,ARI,7.97,-0.13,1.0808408918278898,7.376470588235295,125.4,103,15,157
00-0040530,Ben Sauls,K,NYG,DAL,6.34,-0.15,1.0,6.335294117647059,107.7,104,19,104
00-0038120,Breece Hall,RB,NYJ,TEN,11.12,-0.17,0.88,12.641176470588235,214.9,105,26,48
00-0038905,Blake Grupe,K,IND,BAL,6.31,-0.18,1.0,6.305882352941176,107.2,106,20,106
00-0029822,Brandon McManus,K,FA,,6.28,-0.21,1.0,6.276470588235294,106.7,107,21,109
00-0038097,Cade York,K,FA,,6.25,-0.24,1.0,6.247058823529412,106.2,108,22,111
00-0030061,Zach Ertz,TE,FA,,7.85,-0.25,1.0,7.847058823529412,133.4,109,16,127
TYS405541,Jordyn Tyson,WR,NO,DET,10.09,-0.26,1.12,9.011764705882353,153.2,110,33,171
00-0038567,Chad Ryland,K,ARI,LAC,6.22,-0.27,1.0,6.2176470588235295,105.7,111,23,113
00-0039229,Charlie Smyth,K,NO,DET,6.19,-0.3,1.0,6.188235294117647,105.2,112,24,115
00-0034161,Daniel Carlson,K,NO,DET,6.16,-0.33,1.0,6.158823529411765,104.7,113,25,116
SAD482340,Kenyon Sadiq,TE,NYJ,TEN,7.74,-0.36,1.0600643402886376,7.3,124.1,114,17,162
00-0030098,Dustin Hopkins,K,FA,,6.13,-0.36,1.0,6.129411764705883,104.2,115,26,119
00-0040021,Phil Mafah,RB,DAL,NYG,10.91,-0.38,1.1021730889516481,9.9,168.3,116,27,181
00-0034753,Mark Andrews,TE,BAL,IND,7.72,-0.38,1.0091617890174702,7.647058823529412,130.0,117,18,139
00-0026858,Graham Gano,K,FA,,6.1,-0.39,1.0,6.1000000000000005,103.7,118,27,121
00-0031610,Darren Waller,TE,CAR,CHI,7.69,-0.41,0.9024276451051716,8.523529411764706,144.9,119,19,75
00-0034450,Greg Joseph,K,FA,,6.07,-0.42,1.0,6.070588235294117,103.2,120,28,126
00-0039919,Rome Odunze,WR,CHI,CAR,9.91,-0.44,0.9874426140966783,10.035294117647059,170.6,121,34,112
00-0036040,Juwan Johnson,TE,NO,DET,7.66,-0.44,0.9816328582279613,7.8,132.6,122,20,130
00-0033787,Jake Elliott,K,PHI,WAS,6.04,-0.45,1.0,6.041176470588235,102.7,123,29,128
00-0038129,Cade Otton,TE,TB,CIN,7.65,-0.45,1.12,6.829411764705882,116.1,124,21,176
00-0035719,Deebo Samuel Sr.,WR,SF,LA,9.88,-0.47,1.12,8.81764705882353,149.9,125,36,177
00-0039849,Marvin Harrison Jr.,WR,ARI,LAC,9.88,-0.47,0.9968944099378882,9.905882352941177,168.4,126,35,124
00-0038562,Jake Moody,K,FA,,6.01,-0.48,1.0,6.011764705882353,102.2,127,30,129
00-0039918,Caleb Williams,QB,CHI,CAR,17.68,-0.49,0.9628031420186594,18.358823529411765,312.1,128,14,67
00-0038117,Wan'Dale Robinson,WR,TEN,NYJ,9.86,-0.49,1.0285155380260187,9.588235294117647,163.0,129,37,146
00-0034794,Jason Sanders,K,NYJ,TEN,5.98,-0.51,1.0,5.982352941176471,101.7,130,31,132
00-0035192,Joey Slye,K,TEN,NYJ,5.95,-0.54,1.0,5.952941176470588,101.2,131,32,133
00-0036158,J.K. Dobbins,RB,DEN,KC,10.74,-0.55,0.9630650694668209,11.152941176470588,189.6,132,28,118
00-0026498,Matthew Stafford,QB,LA,SF,17.61,-0.56,1.001740319004671,17.576470588235296,298.8,133,15,122
00-0037542,John Parker Romo,K,ATL,PIT,5.92,-0.57,1.0,5.923529411764706,100.7,134,33,134
00-0036244,Colby Parkinson,TE,LA,SF,7.5,-0.6,1.12,6.694117647058824,113.8,135,22,180
00-0039750,Joshua Karty,K,FA,,5.89,-0.6,1.0,5.894117647058824,100.2,136,34,137
00-0039934,Jude McAtamney,K,FA,,5.86,-0.63,1.0,5.864705882352942,99.7,137,35,138
00-0040003,Lenny Krieg,K,FA,,5.84,-0.65,1.0,5.835294117647059,99.2,138,36,140
00-0036139,Rico Dowdle,RB,PIT,ATL,10.63,-0.66,0.9480534126878827,11.217647058823529,190.7,139,29,114
00-0038152,Lucas Havrisik,K,FA,,5.81,-0.68,1.0,5.805882352941176,98.7,140,37,141
00-0034827,DJ Moore,WR,BUF,HOU,9.67,-0.68,0.9528352957098389,10.147058823529411,172.5,141,38,105
00-0040784,Quinshon Judkins,RB,CLE,JAX,10.6,-0.69,0.88,12.041176470588235,204.7,142,30,61
00-0040356,Maddux Trujillo,K,FA,,5.78,-0.71,1.0,5.776470588235294,98.2,143,38,145
00-0038997,Josh Downs,WR,IND,BAL,9.61,-0.74,1.065157924870384,9.023529411764706,153.4,144,39,170
00-0040766,Mark McNamee,K,FA,,5.75,-0.74,1.0,5.747058823529412,97.7,145,39,147
00-0040129,Emeka Egbuka,WR,TB,CIN,9.6,-0.75,0.88,10.905882352941177,185.4,146,40,58
STO806346,Eli Stowers,TE,PHI,WAS,7.34,-0.76,1.12,6.552941176470589,111.4,147,23,185
00-0037228,Jaylen Warren,RB,PIT,ATL,10.52,-0.77,0.9480534126878827,11.1,188.7,148,31,125
00-0035269,Matt Gay,K,LV,MIA,5.72,-0.77,1.0,5.7176470588235295,97.2,149,40,148
00-0035659,Terry McLaurin,WR,WAS,PHI,9.56,-0.79,0.8926546043748312,10.705882352941176,182.0,150,41,66
00-0023853,Matt Prater,K,FA,,5.69,-0.8,1.0,5.688235294117647,96.7,151,41,151
00-0035189,Matthew Wright,K,FA,,5.66,-0.83,1.0,5.658823529411765,96.2,152,42,152
00-0034084,Mike Badgley,K,BUF,HOU,5.63,-0.86,1.0,5.629411764705883,95.7,153,43,154
00-0036259,Jauan Jennings,WR,MIN,GB,9.49,-0.86,1.0784499054820416,8.799999999999999,149.6,154,42,178
00-0025565,Nick Folk,K,ATL,PIT,5.6,-0.89,1.0,5.6000000000000005,95.2,155,44,155
00-0040719,Bhayshul Tuten,RB,JAX,CLE,10.39,-0.9,1.1148495991205292,9.323529411764707,158.5,156,32,196
SLP-13417,De'Zhaun Stribling,WR,SF,LA,9.44,-0.91,1.12,8.429411764705883,143.3,157,43,190
00-0036816,Riley Patterson,K,MIA,LV,5.57,-0.92,1.0,5.570588235294117,94.7,158,45,158
00-0033293,Aaron Jones,RB,MIN,GB,10.35,-0.94,1.0899936518013014,9.494117647058824,161.4,159,33,193
00-0040279,Ryan Fitzgerald,K,CAR,CHI,5.54,-0.95,1.0,5.541176470588235,94.2,160,46,159
00-0040735,Luther Burden III,WR,CHI,CAR,9.39,-0.96,0.9874426140966783,9.511764705882353,161.7,161,44,149
00-0039576,Spencer Shrader,K,IND,BAL,5.51,-0.98,1.0,5.511764705882353,93.7,162,47,161
00-0036894,Pat Freiermuth,TE,PIT,ATL,7.11,-0.99,1.0325354094991288,6.882352941176471,117.0,163,24,174
00-0038935,Brenton Strange,TE,JAX,CLE,7.09,-1.01,0.96916692730441,7.31764705882353,124.4,164,25,160
00-0036162,Tyler Bass,K,BUF,HOU,5.48,-1.01,1.0,5.482352941176471,93.2,165,48,163
00-0033110,Tyler Higbee,TE,LA,SF,7.08,-1.02,1.12,6.31764705882353,107.4,166,26,192
00-0033702,Younghoe Koo,K,FA,,5.45,-1.04,1.0,5.452941176470588,92.7,167,49,164
00-0040236,Kyle Monangai,RB,CHI,CAR,10.22,-1.07,1.12,9.129411764705882,155.2,168,34,204
00-0033862,Zane Gonzalez,K,FA,,5.42,-1.07,1.0,5.423529411764706,92.2,169,50,165
00-0035228,Kyler Murray,QB,MIN,GB,17.07,-1.1,1.0293374311953396,16.58235294117647,281.9,170,16,172
00-0038041,Jake Ferguson,TE,DAL,NYG,6.86,-1.24,0.88,7.8,132.6,171,27,131
00-0036423,Albert Okwuegbunam,TE,LV,MIA,6.83,-1.27,1.12,6.1000000000000005,103.7,172,28,197
00-0039893,Brian Thomas Jr.,WR,JAX,CLE,9.06,-1.29,0.88,10.294117647058824,175.0,173,45,96
00-0031588,Stefon Diggs,WR,WAS,PHI,9.06,-1.29,0.8926546043748312,10.152941176470588,172.6,174,46,103
00-0040730,RJ Harvey,RB,DEN,KC,9.99,-1.3,0.9630650694668209,10.370588235294118,176.3,175,35,166
00-0038124,Christian Watson,WR,GB,MIN,9.05,-1.3,0.88,10.288235294117648,174.9,176,47,97
00-0036555,Chuba Hubbard,RB,CAR,CHI,9.95,-1.34,0.9701520912547529,10.25294117647059,174.3,177,36,169
00-0034383,Dalton Schultz,TE,HOU,BUF,6.74,-1.36,0.9126759449628341,7.388235294117647,125.6,178,29,156
00-0039894,Xavier Worthy,WR,KC,DEN,8.94,-1.41,1.0375174337517434,8.617647058823529,146.5,179,48,183
00-0036919,Kenny Gainwell,RB,TB,CIN,9.88,-1.41,1.0721497753937719,9.217647058823529,156.7,180,37,200
00-0039793,AJ Barner,TE,SEA,NE,6.66,-1.44,0.9864864864864865,6.752941176470588,114.8,181,30,179
00-0033921,Chris Godwin Jr.,WR,TB,CIN,8.89,-1.46,0.88,10.105882352941178,171.8,182,49,108
00-0037816,Romeo Doubs,WR,NE,SEA,8.84,-1.51,0.9921378387420543,8.911764705882353,151.5,183,50,173
00-0040737,Terrance Ferguson,TE,LA,SF,6.59,-1.51,1.12,5.888235294117647,100.1,184,31,207
00-0037112,Jake Tonges,TE,SF,LA,6.55,-1.55,0.9521046301864101,6.882352941176471,117.0,185,32,175
00-0039916,Ricky Pearsall,WR,SF,LA,8.77,-1.58,1.12,7.829411764705882,133.1,186,51,210
00-0034960,Jakobi Meyers,WR,JAX,CLE,8.74,-1.61,0.88,9.935294117647059,168.9,187,52,120
CON046719,KC Concepcion,WR,CLE,JAX,8.72,-1.63,0.9526059951390764,9.158823529411764,155.7,188,53,167
00-0040736,Mason Taylor,TE,NYJ,TEN,6.44,-1.66,1.0600643402886376,6.076470588235294,103.3,189,33,198
00-0037525,Jordan Mason,RB,MIN,GB,9.57,-1.72,1.0899936518013014,8.776470588235293,149.2,190,38,219
00-0040743,Tyler Shough,QB,NO,DET,16.45,-1.72,1.0468336308822044,15.711764705882354,267.1,191,17,199
00-0036971,Trevor Lawrence,QB,JAX,CLE,16.41,-1.76,0.8911291137534948,18.41176470588235,313.0,192,18,64
00-0033106,Jared Goff,QB,DET,NO,16.38,-1.79,0.9216340485734497,17.776470588235295,302.2,193,19,107
00-0040242,Jacory Croskey-Merritt,RB,WAS,PHI,9.49,-1.8,1.0337803523250277,9.176470588235293,156.0,194,39,202
00-0039344,Jonathon Brooks,RB,CAR,CHI,9.48,-1.81,0.9701520912547529,9.770588235294117,166.1,195,40,184
KLA269938,Max Klare,TE,LA,SF,6.19,-1.91,1.12,5.529411764705882,94.0,196,34,221
00-0037838,Isaiah Likely,TE,NYG,DAL,6.16,-1.94,0.9426768240918637,6.529411764705882,111.0,197,35,186
00-0034829,Mike Gesicki,TE,CIN,TB,6.12,-1.98,1.12,5.464705882352941,92.9,198,36,223
00-0039491,Jalen Coker,WR,CAR,CHI,8.33,-2.02,1.12,7.435294117647059,126.4,199,54,224
00-0039150,Bryce Young,QB,CAR,CHI,16.15,-2.02,1.1013679316357061,14.664705882352942,249.3,200,20,239
00-0040676,Cam Ward,QB,TEN,NYJ,16.14,-2.03,1.0804645130865362,14.941176470588236,254.0,201,21,230
00-0038606,Parker Washington,WR,JAX,CLE,8.31,-2.04,0.88,9.447058823529412,160.6,202,55,153
00-0039847,Theo Johnson,TE,NYG,DAL,6.05,-2.05,0.9426768240918637,6.417647058823529,109.1,203,37,189
00-0040584,Gunnar Helm,TE,TEN,NYJ,6.05,-2.05,1.0762700504892544,5.617647058823529,95.5,204,38,216
00-0039165,Zach Charbonnet,RB,SEA,NE,9.21,-2.08,1.0193590218599482,9.035294117647059,153.6,205,41,209
00-0030279,Keenan Allen,WR,IND,BAL,8.22,-2.13,1.065157924870384,7.717647058823529,131.2,206,56,211
00-0039738,Blake Corum,RB,LA,SF,9.13,-2.16,1.1017110266159695,8.288235294117648,140.9,207,42,235
00-0033923,Kareem Hunt,RB,FA,,9.12,-2.17,1.0,9.117647058823529,155.0,208,43,206
00-0038563,Tre Tucker,WR,LV,MIA,8.14,-2.21,1.0712649893444448,7.6,129.2,209,57,217
00-0037261,Khalil Shakir,WR,BUF,HOU,8.13,-2.22,0.9528352957098389,8.535294117647059,145.1,210,58,187
00-0035229,T.J. Hockenson,TE,MIN,GB,5.85,-2.25,0.88,6.647058823529412,113.0,211,39,182
00-0033357,Taysom Hill,TE,FA,,5.83,-2.27,1.0,5.829411764705882,99.1,212,40,208
00-0037545,Rashid Shaheed,WR,SEA,NE,8.06,-2.29,1.007862161257946,7.9941176470588236,135.9,213,59,201
00-0039146,Jayden Reed,WR,GB,MIN,8.02,-2.33,0.88,9.117647058823529,155.0,214,60,168
00-0033881,Evan Engram,TE,DEN,KC,5.76,-2.34,1.012278271748358,5.688235294117647,96.7,215,41,212
00-0037256,Rachaad White,RB,WAS,PHI,8.9,-2.39,1.0337803523250277,8.611764705882353,146.4,216,44,226
00-0035710,Daniel Jones,QB,IND,BAL,15.74,-2.43,1.008783305824098,15.605882352941178,265.3,217,22,203
00-0037809,Chig Okonkwo,TE,WAS,PHI,5.64,-2.46,0.88,6.411764705882353,109.0,218,42,191
BOS677861,Denzel Boston,WR,CLE,JAX,7.86,-2.49,0.9526059951390764,8.25294117647059,140.3,219,61,194
00-0035662,Marquise Brown,WR,PHI,WAS,7.76,-2.59,1.1058716880307897,7.017647058823529,119.3,220,62,238
00-0036945,Justin Fields,QB,KC,DEN,15.57,-2.6,1.0886907627007396,14.305882352941175,243.2,221,23,248
00-0040311,Theo Wease Jr.,WR,MIA,LV,7.65,-2.7,1.0017971309520024,7.635294117647059,129.8,222,63,213
00-0033858,Jonnu Smith,TE,GB,MIN,5.4,-2.7,0.88,6.135294117647058,104.3,223,43,195
00-0030565,Geno Smith,QB,NYJ,TEN,15.45,-2.72,1.1113467174183986,13.9,236.3,224,24,256
00-0033906,Alvin Kamara,RB,NO,DET,8.56,-2.73,1.028115582175553,8.323529411764707,141.5,225,45,233
00-0039032,Tyjae Spears,RB,TEN,NYJ,8.56,-2.73,1.12,7.641176470588236,129.9,226,46,251
00-0034869,Sam Darnold,QB,SEA,NE,15.44,-2.73,0.9909690601284297,15.582352941176469,264.9,227,25,205
BOE586077,Nate Boerkircher,TE,JAX,CLE,5.33,-2.77,0.96916692730441,5.5,93.5,228,44,222
00-0039923,J.J. McCarthy,QB,MIN,GB,15.36,-2.81,1.0293374311953396,14.91764705882353,253.6,229,26,231
SIM639376,Ty Simpson,QB,LA,SF,15.33,-2.84,1.001740319004671,15.3,260.1,230,27,215
00-0040583,Woody Marks,RB,HOU,BUF,8.41,-2.88,1.015019011406844,8.282352941176471,140.8,231,47,236
00-0031503,Jameis Winston,QB,NYG,DAL,15.21,-2.96,1.12,13.58235294117647,230.9,232,28,265
00-0035644,Noah Fant,TE,NO,DET,5.08,-3.02,0.9816328582279613,5.176470588235294,88.0,233,45,232
00-0036924,Michael Carter,RB,TEN,NYJ,8.26,-3.03,1.12,7.370588235294117,125.3,234,48,258
KLE258860,Marlin Klein,TE,HOU,BUF,5.07,-3.03,0.9126759449628341,5.5588235294117645,94.5,235,46,220
00-0035689,Dawson Knox,TE,BUF,HOU,5.01,-3.09,1.0806341926300806,4.635294117647058,78.8,236,47,247
00-0037078,Cole Turner,TE,MIA,LV,5.0,-3.1,0.8938519279746214,5.588235294117647,95.0,237,48,218
00-0036290,Cole Kmet,TE,CHI,CAR,4.99,-3.11,1.0334863376174535,4.829411764705882,82.1,238,49,241
MEN516487,Fernando Mendoza,QB,LV,MIA,14.97,-3.2,1.0444083268770843,14.335294117647058,243.7,239,29,246
SLP-13276,Omar Cooper,WR,NYJ,TEN,7.1,-3.25,1.107398454149305,6.411764705882353,109.0,240,64,252
00-0036407,Jerry Jeudy,WR,CLE,JAX,7.05,-3.3,0.9526059951390764,7.405882352941177,125.9,241,65,225
00-0032392,Austin Hooper,TE,ATL,PIT,4.74,-3.36,1.12,4.229411764705882,71.9,242,50,255
00-0023459,Aaron Rodgers,QB,PIT,ATL,14.8,-3.37,1.03088052009297,14.352941176470589,244.0,243,30,244
00-0034837,Calvin Ridley,WR,TEN,NYJ,6.97,-3.38,1.0285155380260187,6.776470588235294,115.2,244,66,243
00-0038611,Chris Rodriguez Jr.,RB,JAX,CLE,7.9,-3.39,1.1148495991205292,7.088235294117647,120.5,245,49,268
00-0038128,Malik Willis,QB,MIA,LV,14.65,-3.52,1.0101306969380537,14.505882352941176,246.6,246,31,242
00-0037291,Jalen Nailor,WR,LV,MIA,6.82,-3.53,1.0712649893444448,6.370588235294117,108.3,247,67,253
00-0039163,C.J. Stroud,QB,HOU,BUF,14.63,-3.54,0.974317110446219,15.011764705882353,255.2,248,32,227
00-0039890,Adonai Mitchell,WR,NYJ,TEN,6.79,-3.56,1.107398454149305,6.129411764705883,104.2,249,68,260
BER218265,Germie Bernard,WR,PIT,ATL,6.73,-3.62,1.12,6.011764705882353,102.2,250,69,262
00-0036212,Tua Tagovailoa,QB,ATL,PIT,14.35,-3.82,1.0910272882568512,13.152941176470588,223.6,251,33,284
00-0038608,Kayshon Boutte,WR,HOU,BUF,6.52,-3.83,0.918459872783868,7.094117647058823,120.6,252,70,234
00-0033699,Austin Ekeler,RB,FA,,7.44,-3.85,1.0,7.435294117647059,126.4,253,50,257
00-0040130,Jayden Higgins,WR,HOU,BUF,6.45,-3.9,0.918459872783868,7.023529411764706,119.4,254,71,237
00-0039384,Tyrone Tracy Jr.,RB,NYG,DAL,7.38,-3.91,0.9467190431964214,7.794117647058823,132.5,255,51,249
00-0039855,Jalen McMillan,WR,TB,CIN,6.43,-3.92,0.88,7.305882352941176,124.2,256,72,228
00-0026158,Joe Flacco,QB,CIN,TB,14.24,-3.93,1.12,12.717647058823529,216.2,257,35,314
00-0036264,Jordan Love,QB,GB,MIN,14.24,-3.93,0.88,16.176470588235293,275.0,258,34,188
00-0037252,Greg Dulcich,TE,MIA,LV,4.17,-3.93,0.8938519279746214,4.664705882352941,79.3,259,51,245
00-0040667,Matthew Golden,WR,GB,MIN,6.4,-3.95,0.88,7.276470588235294,123.7,260,73,229
00-0034613,Tanner Hudson,TE,CIN,TB,4.15,-3.95,1.12,3.7058823529411766,63.0,261,52,272
00-0039066,Michael Mayer,TE,LV,MIA,4.12,-3.98,1.12,3.676470588235294,62.5,262,53,274
00-0036309,Darnell Mooney,WR,NYG,DAL,6.33,-4.02,1.12,5.652941176470588,96.1,263,74,275
00-0035535,Darius Slayton,WR,NYG,DAL,6.29,-4.06,1.12,5.611764705882353,95.4,264,75,277
00-0038558,Darnell Washington,TE,PIT,ATL,4.01,-4.09,1.0325354094991288,3.8823529411764706,66.0,265,54,267
00-0033908,Cooper Kupp,WR,SEA,NE,6.2,-4.15,1.007862161257946,6.152941176470588,104.6,266,76,259
00-0033553,James Conner,RB,ARI,LAC,7.09,-4.2,0.88,8.058823529411764,137.0,267,52,240
00-0039391,Kimani Vidal,RB,LAC,ARI,7.06,-4.23,1.12,6.305882352941176,107.2,268,53,311
00-0039373,Audric Estimé,RB,NO,DET,7.04,-4.25,1.028115582175553,6.847058823529412,116.4,269,54,276
00-0039342,Xavier Legette,WR,CAR,CHI,6.08,-4.27,1.12,5.429411764705883,92.3,270,77,289
00-0035249,Josh Oliver,TE,MIN,GB,3.78,-4.32,0.88,4.3,73.1,271,55,254
00-0039424,Devaughn Vele,WR,NO,DET,6.02,-4.33,1.12,5.376470588235295,91.4,272,78,292
00-0033537,Deshaun Watson,QB,CLE,JAX,13.83,-4.34,0.9042407031580793,15.3,260.1,273,36,214
00-0038115,Daniel Bellinger,TE,TEN,NYJ,3.76,-4.34,1.0762700504892544,3.4941176470588236,59.4,274,56,282
00-0033555,Mack Hollins,WR,NE,SEA,5.99,-4.36,0.9921378387420543,6.041176470588235,102.7,275,79,261
00-0039917,Michael Penix Jr.,QB,ATL,PIT,13.81,-4.36,1.0910272882568512,12.658823529411764,215.2,276,37,317
00-0039868,Troy Franklin,WR,DEN,KC,5.98,-4.37,1.00256051401126,5.964705882352941,101.4,277,80,264
00-0040194,Jackson Hawes,TE,BUF,HOU,3.71,-4.39,1.0806341926300806,3.4352941176470586,58.4,278,57,288
00-0036637,Noah Gray,TE,KC,DEN,3.69,-4.41,1.12,3.2941176470588234,56.0,279,58,294
00-0037837,Calvin Austin III,WR,NYG,DAL,5.9,-4.45,1.12,5.264705882352941,89.5,280,81,296
LAN311008,Ja'Kobi Lane,WR,BAL,IND,5.89,-4.46,1.0710105283246922,5.5,93.5,281,82,283
00-0036534,Shane Zylstra,TE,BUF,HOU,3.5,-4.6,1.0806341926300806,3.235294117647059,55.0,282,59,301
00-0039405,Jawhar Jordan,RB,HOU,BUF,6.65,-4.64,1.015019011406844,6.552941176470589,111.4,283,55,293
00-0038621,DeMario Douglas,WR,NE,SEA,5.69,-4.66,0.9921378387420543,5.735294117647059,97.5,284,83,271
00-0037005,Tommy Tremble,TE,CAR,CHI,3.43,-4.67,0.9024276451051716,3.8,64.6,285,60,269
00-0038393,Dontayvion Wicks,WR,PHI,WAS,5.66,-4.69,1.1058716880307897,5.117647058823529,87.0,286,84,310
00-0040134,Pat Bryant,WR,DEN,KC,5.63,-4.72,1.00256051401126,5.611764705882353,95.4,287,85,278
00-0038555,Tank Bigsby,RB,PHI,WAS,6.56,-4.73,1.12,5.852941176470588,99.5,288,56,343
00-0036550,Rashod Bateman,WR,BAL,IND,5.62,-4.73,1.0710105283246922,5.247058823529412,89.2,289,86,302
00-0040170,Elic Ayomanor,WR,TEN,NYJ,5.61,-4.74,1.0285155380260187,5.452941176470588,92.7,290,87,286
00-0032268,Marcus Mariota,QB,WAS,PHI,13.42,-4.75,0.9884357068811961,13.576470588235296,230.8,291,38,266
00-0040648,Tory Horton,WR,SEA,NE,5.58,-4.77,1.007862161257946,5.541176470588235,94.2,292,88,280
00-0039880,Malik Washington,WR,MIA,LV,5.57,-4.78,1.0017971309520024,5.564705882352941,94.6,293,89,279
00-0034270,Tyler Conklin,TE,DET,NO,3.29,-4.81,0.9411185827264198,3.5,59.5,294,61,281
00-0036754,Brock Wright,TE,DET,NO,3.23,-4.87,0.9411185827264198,3.4352941176470586,58.4,295,62,287
00-0039901,Keon Coleman,WR,BUF,HOU,5.45,-4.9,0.9528352957098389,5.7176470588235295,97.2,296,90,273
00-0040705,Chimere Dike,WR,TEN,NYJ,5.43,-4.92,1.0285155380260187,5.2823529411764705,89.8,297,91,295
00-0034159,Will Dissly,TE,FA,,3.16,-4.94,1.0,3.158823529411765,53.7,298,63,306
00-0038454,Keaton Mitchell,RB,LAC,ARI,6.34,-4.95,1.12,5.658823529411765,96.2,299,57,359
00-0037263,Tyler Allgeier,RB,ARI,LAC,6.32,-4.97,0.88,7.176470588235294,122.0,300,58,263
00-0039356,Ja'Tavion Sanders,TE,CAR,CHI,3.12,-4.98,0.9024276451051716,3.4529411764705884,58.7,301,64,285
00-0037197,Isiah Pacheco,RB,DET,NO,6.3,-4.99,0.954058075399458,6.6000000000000005,112.2,302,59,290
00-0033119,Jacoby Brissett,QB,ARI,LAC,13.17,-5.0,0.9333072958490898,14.111764705882353,239.9,303,39,250
00-0026300,Josh Johnson,WR,FA,,5.35,-5.0,1.0,5.352941176470588,91.0,304,92,976
00-0034775,Christian Kirk,WR,SF,LA,5.31,-5.04,1.12,4.741176470588235,80.6,305,93,335
00-0034791,Nick Chubb,RB,FA,,6.25,-5.04,1.0,6.252941176470588,106.3,306,60,315
00-0038619,Andrei Iosivas,WR,CIN,TB,5.3,-5.05,1.007395273386558,5.258823529411765,89.4,307,94,298
00-0039811,MarShawn Lloyd,RB,GB,MIN,6.24,-5.05,0.9657338084497432,6.458823529411765,109.8,308,61,300
00-0035208,Olamide Zaccheaus,WR,ATL,PIT,5.28,-5.07,1.0244396435322711,5.152941176470588,87.6,309,95,307
00-0039410,Ryan Flournoy,WR,DAL,NYG,5.26,-5.09,1.0216450904927,5.147058823529412,87.5,310,96,308
00-0040727,Tre Harris,WR,LAC,ARI,5.23,-5.12,0.9939088393396738,5.264705882352941,89.5,311,97,297
00-0039074,Davis Allen,TE,LA,SF,2.96,-5.14,1.12,2.6411764705882352,44.9,312,66,341
00-0037157,Bam Knight,RB,ARI,LAC,6.15,-5.14,0.88,6.9941176470588236,118.9,313,62,270
00-0040566,CJ Dippre,TE,NE,SEA,2.96,-5.14,1.0135135135135136,2.9176470588235297,49.6,314,65,323
00-0038046,Charlie Kolar,TE,LAC,ARI,2.95,-5.15,1.0808408918278898,2.7294117647058824,46.4,315,67,336
00-0038979,Cedric Tillman,WR,FA,,5.19,-5.16,1.0,5.188235294117647,88.2,316,99,305
00-0030035,Adam Thielen,WR,FA,,5.19,-5.16,1.0,5.188235294117647,88.2,317,98,304
00-0035243,Miles Sanders,RB,FA,,6.09,-5.2,1.0,6.094117647058823,103.6,318,63,327
00-0037086,Grant Calcaterra,TE,PHI,WAS,2.88,-5.22,1.12,2.570588235294118,43.7,319,69,345
00-0037801,KaVontae Turpin,WR,DAL,NYG,5.13,-5.22,1.0216450904927,5.017647058823529,85.3,320,100,316
00-0037004,Hunter Long,TE,JAX,CLE,2.88,-5.22,0.96916692730441,2.976470588235294,50.6,321,68,318
00-0037746,Brian Robinson,RB,ATL,PIT,6.06,-5.23,0.9388112997936835,6.458823529411765,109.8,322,64,299
00-0039754,Devin Culp,TE,TB,CIN,2.86,-5.24,1.12,2.552941176470588,43.4,323,70,349
00-0038976,Marvin Mims Jr.,WR,DEN,KC,5.08,-5.27,1.00256051401126,5.070588235294117,86.2,324,101,313
00-0036422,Adam Trautman,TE,DEN,KC,2.81,-5.29,1.012278271748358,2.7764705882352945,47.2,325,71,332
FIE775129,Malachi Fields,WR,NYG,DAL,5.02,-5.33,1.12,4.482352941176471,76.2,326,102,356
COL293648,Jonah Coleman,RB,DEN,KC,5.96,-5.33,0.9630650694668209,6.188235294117647,105.2,327,65,319
BRA531428,Zachariah Branch,WR,ATL,PIT,4.97,-5.38,1.0244396435322711,4.847058823529412,82.4,328,103,329
00-0038891,Shedrick Jackson,WR,LV,MIA,4.97,-5.38,1.0712649893444448,4.635294117647058,78.8,329,104,344
00-0037231,Kevin Austin Jr.,WR,NO,DET,4.96,-5.39,1.12,4.429411764705883,75.3,330,105,360
ALL092954,Cyrus Allen,WR,KC,DEN,4.94,-5.41,1.0375174337517434,4.764705882352941,81.0,331,106,334
00-0033307,Kendrick Bourne,WR,ARI,LAC,4.91,-5.44,0.9968944099378882,4.923529411764706,83.7,332,107,324
00-0037475,Stone Smartt,TE,PHI,WAS,2.62,-5.48,1.12,2.341176470588235,39.8,333,72,367
00-0034981,Foster Moreau,TE,HOU,BUF,2.59,-5.51,0.9126759449628341,2.835294117647059,48.2,334,73,328
00-0038783,Nate Adkins,TE,DEN,KC,2.58,-5.52,1.012278271748358,2.5470588235294116,43.3,335,75,351
00-0039041,Elijah Higgins,TE,ARI,LAC,2.58,-5.52,0.9553353493897829,2.6999999999999997,45.9,336,74,338
00-0039936,Thomas Yassmin,TE,GB,MIN,2.57,-5.53,0.88,2.9176470588235297,49.6,337,78,322
00-0036032,Sean McKeon,TE,IND,BAL,2.57,-5.53,0.88,2.9176470588235297,49.6,338,76,320
00-0038951,Sean Tucker,RB,TB,CIN,5.76,-5.53,1.0721497753937719,5.376470588235295,91.4,339,66,380
00-0038406,Zack Kuntz,TE,DAL,NYG,2.57,-5.53,0.88,2.9176470588235297,49.6,340,77,321
00-0040669,Isaac TeSlaa,WR,DET,NO,4.82,-5.53,0.9374184929546104,5.147058823529412,87.5,341,108,309
00-0037614,John Metchie III,WR,CAR,CHI,4.8,-5.55,1.12,4.288235294117648,72.9,342,109,371
00-0032775,Demarcus Robinson,WR,SF,LA,4.78,-5.57,1.12,4.270588235294118,72.6,343,110,372
00-0034975,Justice Hill,RB,BAL,IND,5.69,-5.6,1.0111023711594231,5.629411764705883,95.7,344,67,362
00-0040739,Elijah Arroyo,TE,SEA,NE,2.49,-5.61,0.9864864864864865,2.523529411764706,42.9,345,80,352
00-0034983,Hunter Renfrow,WR,FA,,4.74,-5.61,1.0,4.735294117647059,80.5,346,111,337
00-0040187,Mitchell Evans,TE,CAR,CHI,2.49,-5.61,0.9024276451051716,2.764705882352941,47.0,347,79,333
00-0022942,Philip Rivers,QB,FA,,12.56,-5.61,1.0,12.558823529411764,213.5,348,40,326
00-0040177,Jordan James,RB,SF,LA,5.66,-5.63,1.12,5.052941176470589,85.9,349,68,402
00-0037156,Irvin Charles,WR,NYJ,TEN,4.72,-5.63,1.107398454149305,4.258823529411765,72.4,350,112,373
SLP-13288,Nicholas Singleton,RB,TEN,NYJ,5.63,-5.66,1.12,5.029411764705882,85.5,351,69,476
SAR527100,Elijah Sarratt,WR,BAL,IND,4.69,-5.66,1.0710105283246922,4.382352941176471,74.5,352,114,366
00-0038104,Tyquan Thornton,WR,KC,DEN,4.69,-5.66,1.0375174337517434,4.517647058823529,76.8,353,113,353
00-0038977,Tank Dell,WR,HOU,BUF,4.68,-5.67,0.918459872783868,5.094117647058823,86.6,354,115,312
00-0030564,DeAndre Hopkins,WR,FA,,4.67,-5.68,1.0,4.670588235294118,79.4,355,116,340
00-0035631,Drew Sample,TE,CIN,TB,2.42,-5.68,1.12,2.158823529411765,36.7,356,81,379
00-0039792,Devontez Walker,WR,BAL,IND,4.62,-5.73,1.0710105283246922,4.31764705882353,73.4,357,117,369
00-0040237,Tez Johnson,WR,TB,CIN,4.6,-5.75,0.88,5.229411764705882,88.9,358,118,303
00-0040586,Jaydon Blue,RB,DAL,NYG,5.53,-5.76,1.1021730889516481,5.017647058823529,85.3,359,70,478
SLP-13305,Mike Washington,RB,LV,MIA,5.52,-5.77,0.9150277677742187,6.029411764705882,102.5,360,71,330
00-0039050,Payne Durham,TE,TB,CIN,2.32,-5.78,1.12,2.070588235294118,35.2,361,84,385
00-0039912,Ben Sinnott,TE,WAS,PHI,2.32,-5.78,0.88,2.6411764705882352,44.9,362,82,342
00-0037805,Jeremy Ruckert,TE,NYJ,TEN,2.32,-5.78,1.0600643402886376,2.1882352941176473,37.2,363,83,376
00-0036972,Mac Jones,QB,SF,LA,12.39,-5.78,1.0990438892049184,11.270588235294117,191.6,364,41,502
BEL267684,Chris Bell,WR,MIA,LV,4.52,-5.83,1.0017971309520024,4.511764705882353,76.7,365,119,355
00-0036893,Najee Harris,RB,NYG,DAL,5.46,-5.83,0.9467190431964214,5.770588235294118,98.1,366,72,348
00-0035500,Greg Dortch,WR,DET,NO,4.51,-5.84,0.9374184929546104,4.811764705882353,81.8,367,121,331
00-0032385,Sterling Shepard,WR,HOU,BUF,4.51,-5.84,0.918459872783868,4.905882352941177,83.4,368,120,325
00-0037329,Brittain Brown,RB,CHI,CAR,5.43,-5.86,1.12,4.847058823529412,82.4,369,73,501
00-0037666,Jalen Tolbert,WR,MIA,LV,4.47,-5.88,1.0017971309520024,4.458823529411765,75.8,370,122,358
00-0036196,Gabe Davis,WR,FA,,4.46,-5.89,1.0,4.464705882352941,75.9,371,123,357
WIL143106,Antonio Williams,RB,FA,,5.39,-5.9,1.0,5.388235294117647,91.6,372,74,291
BLA097235,Kaelon Black,RB,SF,LA,5.38,-5.91,1.12,4.8,81.6,373,75,504
DOU210628,Caleb Douglas,WR,MIA,LV,4.43,-5.92,1.0017971309520024,4.423529411764706,75.2,374,124,364
ALL532376,Kaytron Allen,RB,WAS,PHI,5.34,-5.95,1.0337803523250277,5.164705882352941,87.8,375,76,388
00-0038547,Luke Schoonmaker,TE,DAL,NYG,2.13,-5.97,0.88,2.4176470588235297,41.1,376,85,361
00-0038589,Josh Whyle,TE,GB,MIN,2.12,-5.98,0.88,2.411764705882353,41.0,377,86,363
00-0039875,Ray Davis,RB,BUF,HOU,5.29,-6.0,0.9815589353612166,5.388235294117647,91.6,378,77,377
00-0038679,Tyrell Shavers,WR,BUF,HOU,4.34,-6.01,0.9528352957098389,4.5588235294117645,77.5,379,125,350
00-0033375,Tim Patrick,WR,NYJ,TEN,4.33,-6.02,1.107398454149305,3.911764705882353,66.5,380,126,392
00-0034521,Allen Lazard,WR,FA,,4.32,-6.03,1.0,4.31764705882353,73.4,381,127,368
00-0039739,Roman Wilson,WR,PIT,ATL,4.31,-6.04,1.12,3.8470588235294123,65.4,382,128,400
00-0039814,Erick All,TE,CIN,TB,2.04,-6.06,1.12,1.8235294117647058,31.0,383,89,411
00-0040081,Jake Briningstool,TE,KC,DEN,2.04,-6.06,1.12,1.8235294117647058,31.0,384,90,414
00-0040094,Tre Watson,TE,KC,DEN,2.04,-6.06,1.12,1.8235294117647058,31.0,385,91,415
00-0040552,Joshua Simon,TE,ATL,PIT,2.04,-6.06,1.12,1.8235294117647058,31.0,386,92,426
00-0040598,Mark Redman,TE,LA,SF,2.04,-6.06,1.12,1.8235294117647058,31.0,387,93,427
END438361,Jack Endries,TE,CIN,TB,2.04,-6.06,1.12,1.8235294117647058,31.0,388,94,432
00-0038797,Emanuel Wilson,RB,SEA,NE,5.23,-6.06,1.0193590218599482,5.135294117647058,87.3,389,78,391
SLP-13321,Dan Villari,TE,LA,SF,2.04,-6.06,1.12,1.8235294117647058,31.0,390,97,445
SHA375359,Bauer Sharp,TE,TB,CIN,2.04,-6.06,1.12,1.8235294117647058,31.0,391,95,441
SLP-13312,Josh Kattus,TE,CIN,TB,2.04,-6.06,1.12,1.8235294117647058,31.0,392,96,443
SLP-13342,John Michael Gyllenborg,TE,KC,DEN,2.04,-6.06,1.12,1.8235294117647058,31.0,393,98,447
SLP-13810,Rohan Jones,TE,LA,SF,2.04,-6.06,1.12,1.8235294117647058,31.0,394,99,460
SLP-13846,Jack Velling,TE,ATL,PIT,2.04,-6.06,1.12,1.8235294117647058,31.0,395,100,464
SLP-13913,Patrick Gurd,TE,LV,MIA,2.04,-6.06,1.12,1.8235294117647058,31.0,396,101,467
SLP-13957,Kenny Fletcher,TE,TB,CIN,2.04,-6.06,1.12,1.8235294117647058,31.0,397,102,468
00-0039359,Cade Stover,TE,HOU,BUF,2.04,-6.06,0.9126759449628341,2.235294117647059,38.0,398,87,374
00-0039702,Mason Pline,TE,KC,DEN,2.04,-6.06,1.12,1.8235294117647058,31.0,399,88,410
00-0038498,E.J. Jenkins,TE,PHI,WAS,2.02,-6.08,1.12,1.8,30.6,400,103,477
00-0040202,Devin Neal,RB,NO,DET,5.21,-6.08,1.028115582175553,5.064705882352941,86.1,401,79,399
00-0039144,Luke Musgrave,TE,GB,MIN,2.01,-6.09,0.88,2.288235294117647,38.9,402,104,370
00-0033246,Johnny Mundt,TE,PHI,WAS,2.0,-6.1,1.12,1.7823529411764707,30.3,403,105,483
00-0040162,Dylan Sampson,RB,CLE,JAX,5.18,-6.11,0.88,5.882352941176471,100.0,404,80,339
00-0040363,Keleki Latu,TE,BUF,HOU,1.98,-6.12,1.0806341926300806,1.8352941176470587,31.2,405,106,401
SLP-13630,Evan Svoboda,TE,LAC,ARI,1.97,-6.13,1.0808408918278898,1.8235294117647058,31.0,406,107,455
SLP-14029,Johnny Pascuzzi,TE,LAC,ARI,1.97,-6.13,1.0808408918278898,1.8235294117647058,31.0,407,108,469
00-0040244,Moliki Matavao,TE,NO,DET,1.96,-6.14,0.9816328582279613,2.0,34.0,408,109,386
00-0039023,Joel Wilson,TE,TEN,NYJ,1.96,-6.14,1.0762700504892544,1.8235294117647058,31.0,409,110,406
KAN023071,Jaren Kanak,TE,TEN,NYJ,1.96,-6.14,1.0762700504892544,1.8235294117647058,31.0,410,111,435
00-0037282,James Mitchell,TE,CAR,CHI,1.94,-6.16,0.9024276451051716,2.152941176470588,36.6,411,113,381
00-0033217,Mo Alie-Cox,TE,IND,BAL,1.94,-6.16,0.88,2.2058823529411766,37.5,412,112,375
SLP-14069,Connor Hulstein,TE,NYJ,TEN,1.93,-6.17,1.0600643402886376,1.8235294117647058,31.0,413,115,474
SLP-13839,Chase Curtis,TE,NYJ,TEN,1.93,-6.17,1.0600643402886376,1.8235294117647058,31.0,414,114,463
00-0040138,Jaylin Noel,WR,HOU,BUF,4.15,-6.2,0.918459872783868,4.517647058823529,76.8,415,129,354
00-0035039,Stephen Carlson,TE,CHI,CAR,1.88,-6.22,1.0334863376174535,1.8235294117647058,31.0,416,117,403
SLP-13357,Lance Mason,TE,PIT,ATL,1.88,-6.22,1.0325354094991288,1.8235294117647058,31.0,417,121,449
NOW373761,Riley Nowakowski,TE,PIT,ATL,1.88,-6.22,1.0325354094991288,1.8235294117647058,31.0,418,118,437
SLP-13712,Hayden Large,TE,CHI,CAR,1.88,-6.22,1.0334863376174535,1.8235294117647058,31.0,419,122,458
00-0037539,Lucas Krull,TE,DEN,KC,1.88,-6.22,1.012278271748358,1.8588235294117648,31.6,420,116,398
JOH224817,Emmett Johnson,RB,KC,DEN,5.07,-6.22,0.9074103515279986,5.588235294117647,95.0,421,81,365
SLP-13292,Lake McRee,TE,PIT,ATL,1.88,-6.22,1.0325354094991288,1.8235294117647058,31.0,422,120,442
ROU550040,Sam Roush,TE,CHI,CAR,1.88,-6.22,1.0334863376174535,1.8235294117647058,31.0,423,119,439
00-0033455,Anthony Firkser,TE,FA,,1.86,-6.24,1.0,1.8588235294117648,31.6,424,123,397
BEN687044,Dallen Bentley,TE,DEN,KC,1.85,-6.25,1.012278271748358,1.8235294117647058,31.0,425,125,429
00-0040240,Caleb Lohner,TE,DEN,KC,1.85,-6.25,1.012278271748358,1.8235294117647058,31.0,426,124,417
JOL735174,Justin Joly,TE,DEN,KC,1.85,-6.25,1.012278271748358,1.8235294117647058,31.0,427,126,433
SLP-13827,Tanner Arkin,TE,NE,SEA,1.85,-6.25,1.0135135135135136,1.8235294117647058,31.0,428,128,461
RAR148318,Eli Raridon,TE,NE,SEA,1.85,-6.25,1.0135135135135136,1.8235294117647058,31.0,429,127,438
SLP-13324,Matt Hibner,TE,BAL,IND,1.84,-6.26,1.0091617890174702,1.8235294117647058,31.0,430,130,446
SLP-13705,Ty Pezza,TE,BAL,IND,1.84,-6.26,1.0091617890174702,1.8235294117647058,31.0,431,131,457
00-0034365,Ian Thomas,TE,LV,MIA,1.84,-6.26,1.12,1.6470588235294117,28.0,432,132,497
00-0036849,Tutu Atwell,WR,LA,SF,4.09,-6.26,1.002368385437813,4.082352941176471,69.4,433,130,384
CUE040912,Josh Cuevas,TE,BAL,IND,1.84,-6.26,1.0091617890174702,1.8235294117647058,31.0,434,129,431
00-0040729,Jack Bech,WR,LV,MIA,4.08,-6.27,1.0712649893444448,3.8058823529411767,64.7,435,131,481
00-0040301,Jalin Conyers,TE,FA,,1.82,-6.28,1.0,1.8235294117647058,31.0,436,136,420
00-0040292,Bryce Pierre,TE,FA,,1.82,-6.28,1.0,1.8235294117647058,31.0,437,135,419
00-0039399,Tanner McLachlan,TE,FA,,1.82,-6.28,1.0,1.8235294117647058,31.0,438,133,408
00-0040250,Luke Lachey,TE,FA,,1.82,-6.28,1.0,1.8235294117647058,31.0,439,134,418
00-0038720,Julian Hill,TE,NE,SEA,1.81,-6.29,1.0135135135135136,1.788235294117647,30.4,440,137,482
00-0040131,Kyle Williams,WR,NE,SEA,4.06,-6.29,0.9921378387420543,4.094117647058823,69.6,441,132,383
00-0036182,Nick Westbrook-Ikhine,WR,IND,BAL,4.05,-6.3,1.065157924870384,3.8058823529411767,64.7,442,133,479
00-0039518,Treyton Welch,TE,NO,DET,1.79,-6.31,0.9816328582279613,1.8235294117647058,31.0,443,138,409
SLP-13319,Oscar Delp,TE,NO,DET,1.79,-6.31,0.9816328582279613,1.8235294117647058,31.0,444,139,444
SLP-13834,Cody Hardy,TE,NO,DET,1.79,-6.31,0.9816328582279613,1.8235294117647058,31.0,445,140,462
00-0033526,Samaje Perine,RB,CIN,TB,4.96,-6.33,1.0177742186167291,4.876470588235295,82.9,446,82,495
HUR541377,Ted Hurst,WR,TB,CIN,4.02,-6.33,0.88,4.570588235294117,77.7,447,134,347
KOZ404039,Tanner Koziol,TE,JAX,CLE,1.77,-6.33,0.96916692730441,1.8235294117647058,31.0,448,142,436
00-0040331,Patrick Herbert,TE,JAX,CLE,1.77,-6.33,0.96916692730441,1.8235294117647058,31.0,449,141,421
00-0029604,Kirk Cousins,QB,LV,MIA,11.83,-6.34,1.0444083268770843,11.329411764705881,192.6,450,42,496
SLP-13879,Jameson Geers,TE,ARI,LAC,1.74,-6.36,0.9553353493897829,1.8235294117647058,31.0,451,145,466
00-0040046,Rivaldo Fairweather,TE,ARI,LAC,1.74,-6.36,0.9553353493897829,1.8235294117647058,31.0,452,143,413
SLP-13432,Khalil Dinkins,TE,SF,LA,1.74,-6.36,0.9521046301864101,1.8235294117647058,31.0,453,144,453
CLA041524,Demond Claiborne,RB,MIN,GB,4.91,-6.38,1.0899936518013014,4.5058823529411764,76.6,454,83,525
00-0040387,Zach Horton,TE,DET,NO,1.72,-6.38,0.9411185827264198,1.8235294117647058,31.0,455,146,422
00-0040697,Thomas Gordon,TE,DET,NO,1.72,-6.38,0.9411185827264198,1.8235294117647058,31.0,456,147,428
00-0036988,Josh Palmer,WR,BUF,HOU,3.96,-6.39,0.9528352957098389,4.158823529411765,70.7,457,135,382
00-0036980,Elijah Moore,WR,PHI,WAS,3.94,-6.41,1.1058716880307897,3.5588235294117645,60.5,458,137,509
00-0038636,Kenny McIntosh,RB,FA,,4.88,-6.41,1.0,4.882352941176471,83.0,459,84,494
00-0031236,Brandin Cooks,WR,FA,,3.94,-6.41,1.0,3.935294117647059,66.9,460,136,390
SLP-14068,Drew Biber,TE,CLE,JAX,1.67,-6.43,0.9133437736256615,1.8235294117647058,31.0,461,150,473
00-0036887,Luke Farrell,TE,SF,LA,1.67,-6.43,0.9521046301864101,1.7529411764705882,29.8,462,151,488
RYA022232,Carsen Ryan,TE,CLE,JAX,1.67,-6.43,0.9133437736256615,1.8235294117647058,31.0,463,148,440
SLP-13435,Joe Royer,TE,CLE,JAX,1.67,-6.43,0.9133437736256615,1.8235294117647058,31.0,464,149,454
00-0032950,Carson Wentz,QB,MIN,GB,11.74,-6.43,1.0293374311953396,11.405882352941177,193.9,465,43,489
00-0036556,Brevin Jordan,TE,HOU,BUF,1.66,-6.44,0.9126759449628341,1.8235294117647058,31.0,466,152,405
SLP-14055,Louis Hansen,TE,HOU,BUF,1.66,-6.44,0.9126759449628341,1.8235294117647058,31.0,467,153,470
00-0040392,Caden Prieskorn,TE,CAR,CHI,1.65,-6.45,0.9024276451051716,1.8235294117647058,31.0,468,154,423
00-0040277,Jahdae Walker,WR,CHI,CAR,3.9,-6.45,0.9874426140966783,3.9529411764705884,67.2,469,138,389
00-0036427,Tyler Johnson,WR,DAL,NYG,3.89,-6.46,1.0216450904927,3.8058823529411767,64.7,470,142,480
00-0036628,John Bates,TE,WAS,PHI,1.64,-6.46,0.88,1.8647058823529412,31.7,471,155,396
00-0035406,Lil'Jordan Humphrey,WR,DEN,KC,3.89,-6.46,1.00256051401126,3.8823529411764706,66.0,472,141,395
00-0033591,Noah Brown,WR,FA,,3.89,-6.46,1.0,3.8882352941176466,66.1,473,140,394
00-0032211,Tyler Lockett,WR,FA,,3.89,-6.46,1.0,3.894117647058824,66.2,474,139,393
00-0037015,Sal Cannella,TE,FA,,1.64,-6.46,1.0,1.6352941176470588,27.8,475,156,499
00-0036590,Quintin Morris,TE,JAX,CLE,1.63,-6.47,0.96916692730441,1.6823529411764706,28.6,476,161,491
SLP-14061,Jeremiah Franklin,TE,MIA,LV,1.63,-6.47,0.8938519279746214,1.8235294117647058,31.0,477,159,471
KAC282861,Will Kacmarek,TE,MIA,LV,1.63,-6.47,0.8938519279746214,1.8235294117647058,31.0,478,157,434
SLP-13661,Ethan Conner,TE,MIA,LV,1.63,-6.47,0.8938519279746214,1.8235294117647058,31.0,479,158,456
00-0037306,John FitzPatrick,TE,FA,,1.63,-6.47,1.0,1.6294117647058823,27.7,480,162,500
TRA291459,Seydou Traore,TE,MIA,LV,1.63,-6.47,0.8938519279746214,1.8235294117647058,31.0,481,160,475
00-0034272,Marquez Valdes-Scantling,WR,DAL,NYG,3.86,-6.49,1.0216450904927,3.7764705882352945,64.2,482,143,486
00-0039275,Messiah Swinson,TE,GB,MIN,1.6,-6.5,0.88,1.8235294117647058,31.0,483,164,407
SLP-13355,DJ Rogers,TE,DAL,NYG,1.6,-6.5,0.88,1.8235294117647058,31.0,484,169,448
SLP-13430,RJ Maryland,TE,GB,MIN,1.6,-6.5,0.88,1.8235294117647058,31.0,485,172,452
SLP-13806,Matt Lauter,TE,MIN,GB,1.6,-6.5,0.88,1.8235294117647058,31.0,486,173,459
SLP-13407,Carson Towt,TE,IND,BAL,1.6,-6.5,0.88,1.8235294117647058,31.0,487,171,451
00-0040504,Bryson Nesbit,TE,MIN,GB,1.6,-6.5,0.88,1.8235294117647058,31.0,488,166,424
SLP-13401,Michael Trigg,TE,DAL,NYG,1.6,-6.5,0.88,1.8235294117647058,31.0,489,170,450
00-0040528,JJ Galbreath,TE,IND,BAL,1.6,-6.5,0.88,1.8235294117647058,31.0,490,167,425
SLP-14062,Tyler Moore,TE,IND,BAL,1.6,-6.5,0.88,1.8235294117647058,31.0,491,175,472
00-0036145,Lawrence Cager,TE,WAS,PHI,1.6,-6.5,0.88,1.8235294117647058,31.0,492,163,404
00-0040215,Gavin Bartholomew,TE,MIN,GB,1.6,-6.5,0.88,1.8235294117647058,31.0,493,165,416
SLP-13870,Quentin Moore,TE,WAS,PHI,1.6,-6.5,0.88,1.8235294117647058,31.0,494,174,465
BRE060106,Max Bredeson,TE,MIN,GB,1.6,-6.5,0.88,1.8235294117647058,31.0,495,168,430
00-0039874,Jaylen Wright,RB,MIA,LV,4.78,-6.51,1.0344538372599936,4.623529411764705,78.6,496,85,517
00-0037563,Malik Davis,RB,DAL,NYG,4.78,-6.51,1.1021730889516481,4.335294117647059,73.7,497,86,535
00-0032104,Ameer Abdullah,RB,JAX,CLE,4.77,-6.52,1.1148495991205292,4.2823529411764705,72.8,498,88,543
00-0035537,Ty Johnson,RB,BUF,HOU,4.77,-6.52,0.9815589353612166,4.858823529411764,82.6,499,87,498
00-0037348,Tanner Conner,TE,NYG,DAL,1.57,-6.53,0.9426768240918637,1.6705882352941175,28.4,500,176,492
00-0039794,Braelon Allen,RB,NYJ,TEN,4.74,-6.55,0.88,5.382352941176471,91.5,501,89,378
00-0039376,Spencer Rattler,QB,NO,DET,11.61,-6.56,1.0468336308822044,11.094117647058823,188.6,502,44,515
00-0033040,Tyreek Hill,WR,FA,,3.78,-6.57,1.0,3.7764705882352945,64.2,503,144,485
00-0039530,Brevyn Spann-Ford,TE,DAL,NYG,1.37,-6.73,0.88,1.552941176470588,26.4,504,177,508
00-0036165,Isaiah Hodgins,WR,NYG,DAL,3.61,-6.74,1.12,3.2235294117647055,54.8,505,145,529
00-0038809,Ben Sims,TE,MIA,LV,1.36,-6.74,0.8938519279746214,1.5176470588235293,25.8,506,178,511
00-0035250,Devin Singletary,RB,NYG,DAL,4.53,-6.76,0.9467190431964214,4.7823529411764705,81.3,507,90,505
00-0036755,Jaret Patterson,RB,LAC,ARI,4.52,-6.77,1.12,4.035294117647059,68.6,508,91,557
00-0033857,JuJu Smith-Schuster,WR,FA,,3.57,-6.78,1.0,3.570588235294118,60.7,509,146,507
00-0036429,Charlie Woerner,TE,ATL,PIT,1.32,-6.78,1.12,1.1764705882352942,20.0,510,179,533
00-0032398,Chris Moore,WR,BAL,IND,3.55,-6.8,1.0710105283246922,3.3117647058823527,56.3,511,147,523
00-0036741,Jack Stoll,TE,CLE,JAX,1.29,-6.81,0.9133437736256615,1.411764705882353,24.0,512,180,516
00-0039355,Luke McCaffrey,WR,WAS,PHI,3.54,-6.81,0.8926546043748312,3.9647058823529413,67.4,513,148,387
00-0032464,Kalif Raymond,WR,CHI,CAR,3.53,-6.82,0.9874426140966783,3.570588235294118,60.7,514,149,506
00-0039751,Jordan Whittington,WR,LA,SF,3.53,-6.82,1.002368385437813,3.5176470588235293,59.8,515,150,512
00-0037267,Jerome Ford,RB,WAS,PHI,4.46,-6.83,1.0337803523250277,4.31764705882353,73.4,516,92,539
00-0038551,Kendre Miller,RB,NO,DET,4.45,-6.84,1.028115582175553,4.323529411764706,73.5,517,93,536
00-0033576,Eric Saubert,TE,SEA,NE,1.24,-6.86,0.9864864864864865,1.2588235294117647,21.4,518,181,527
00-0038647,Ronnie Bell,WR,NO,DET,3.49,-6.86,1.12,3.1176470588235294,53.0,519,151,537
00-0038839,Mitchell Tinsley,WR,CIN,TB,3.47,-6.88,1.007395273386558,3.447058823529412,58.6,520,153,514
00-0039631,Cam Grandy,TE,CIN,TB,1.22,-6.88,1.12,1.088235294117647,18.5,521,182,541
00-0038618,Xavier Hutchinson,WR,HOU,BUF,3.47,-6.88,0.918459872783868,3.7764705882352945,64.2,522,152,487
00-0039458,Brenden Bates,TE,FA,,1.21,-6.89,1.0,1.211764705882353,20.6,523,183,530
00-0036332,Josiah Deguara,TE,NYG,DAL,1.19,-6.91,0.9426768240918637,1.2647058823529411,21.5,524,184,526
00-0033943,Josh Reynolds,WR,FA,,3.41,-6.94,1.0,3.411764705882353,58.0,525,154,518
00-0037292,Andrew Ogletree,TE,IND,BAL,1.14,-6.96,0.88,1.3,22.1,526,185,524
00-0039737,Tip Reiman,TE,ARI,LAC,1.14,-6.96,0.9553353493897829,1.1941176470588235,20.3,527,186,531
00-0036415,Van Jefferson,WR,WAS,PHI,3.38,-6.97,0.8926546043748312,3.7882352941176474,64.4,528,155,484
00-0037524,Tay Martin,WR,DET,NO,3.37,-6.98,0.9374184929546104,3.6,61.2,529,156,503
00-0031595,Michael Burton,RB,CLE,JAX,4.3,-6.99,0.88,4.882352941176471,83.0,530,94,493
00-0036876,Kylen Granson,TE,TEN,NYJ,1.1,-7.0,1.0762700504892544,1.0176470588235293,17.3,531,188,547
00-0036232,Harrison Bryant,TE,FA,,1.1,-7.0,1.0,1.0999999999999999,18.7,532,187,538
00-0034407,Ray-Ray McCloud,WR,CHI,CAR,3.34,-7.01,0.9874426140966783,3.3823529411764706,57.5,533,157,520
00-0036626,Dyami Brown,WR,WAS,PHI,3.33,-7.02,0.8926546043748312,3.735294117647059,63.5,534,158,490
00-0036328,Antonio Gibson,RB,FA,,4.23,-7.06,1.0,4.229411764705882,71.9,535,95,548
00-0038394,Will Mallory,TE,IND,BAL,1.02,-7.08,0.88,1.1647058823529413,19.8,536,189,534
00-0036959,Michael Bandy,WR,DEN,KC,3.26,-7.09,1.00256051401126,3.2470588235294118,55.2,537,159,528
00-0040198,Ollie Gordon II,RB,MIA,LV,4.2,-7.09,1.0344538372599936,4.064705882352941,69.1,538,96,555
00-0031484,Chris Manhertz,TE,NYG,DAL,1.01,-7.09,0.9426768240918637,1.076470588235294,18.3,539,190,542
00-0040668,Shedeur Sanders,QB,CLE,JAX,11.07,-7.1,0.9042407031580793,12.241176470588234,208.1,540,45,346
00-0039921,Trey Benson,RB,ARI,LAC,4.18,-7.11,0.88,4.752941176470588,80.8,541,97,510
00-0039648,David Martin-Robinson,TE,TEN,NYJ,0.98,-7.12,1.0762700504892544,0.9117647058823529,15.5,542,191,551
00-0040466,Raheim Sanders,RB,CLE,JAX,4.14,-7.15,0.88,4.7,79.9,543,98,513
00-0029263,Russell Wilson,QB,FA,,11.02,-7.15,1.0,11.01764705882353,187.3,544,46,521
RAN022436,Adam Randall,RB,BAL,IND,4.14,-7.15,1.0111023711594231,4.094117647058823,69.6,545,99,554
00-0038794,Jaleel McLaughlin,RB,DEN,KC,4.11,-7.18,0.9630650694668209,4.264705882352941,72.5,546,100,544
00-0037340,Zaire Mitchell-Paden,TE,NO,DET,0.88,-7.22,0.9816328582279613,0.9,15.3,547,192,552
00-0033891,Zay Jones,WR,HOU,BUF,3.11,-7.24,0.918459872783868,3.388235294117647,57.6,548,160,519
00-0033282,Curtis Samuel,WR,FA,,3.1,-7.25,1.0,3.1,52.7,549,161,540
00-0037654,Tucker Fisk,TE,FA,,0.84,-7.26,1.0,0.8352941176470587,14.2,550,193,556
00-0033955,Jeremy McNichols,RB,WAS,PHI,4.0,-7.29,1.0337803523250277,3.8705882352941177,65.8,551,101,563
00-0040692,Jarquez Hunter,RB,MIA,LV,3.98,-7.31,1.0344538372599936,3.8470588235294123,65.4,552,102,714
WET055619,Kaden Wetjen,WR,PIT,ATL,2.98,-7.37,1.12,2.664705882352941,45.3,553,177,711
00-0039365,Jacob Cowing,WR,SF,LA,2.98,-7.37,1.12,2.664705882352941,45.3,554,165,584
00-0039052,Trey Palmer,WR,NO,DET,2.98,-7.37,1.12,2.664705882352941,45.3,555,164,581
00-0039626,Cole Burgess,WR,PIT,ATL,2.98,-7.37,1.12,2.664705882352941,45.3,556,167,591
LAN016345,Bryce Lance,WR,NO,DET,2.98,-7.37,1.12,2.664705882352941,45.3,557,170,637
00-0039386,Bub Means,WR,NO,DET,2.98,-7.37,1.12,2.664705882352941,45.3,558,166,585
BRO268113,Barion Brown,WR,NO,DET,2.98,-7.37,1.12,2.664705882352941,45.3,559,169,634
SLP-13889,Levi Wentz,WR,PIT,ATL,2.98,-7.37,1.12,2.664705882352941,45.3,560,175,685
00-0040265,Ja'Seem Reed,WR,CAR,CHI,2.98,-7.37,1.12,2.664705882352941,45.3,561,168,603
00-0036775,Brandon Smith,WR,PIT,ATL,2.98,-7.37,1.12,2.664705882352941,45.3,562,163,569
SLP-13708,Kobe Prentice,WR,NYG,DAL,2.98,-7.37,1.12,2.664705882352941,45.3,563,174,668
SLP-13663,Wesley Grimes,WR,SF,LA,2.98,-7.37,1.12,2.664705882352941,45.3,564,173,663
SLP-13662,Will Pauling,WR,SF,LA,2.98,-7.37,1.12,2.664705882352941,45.3,565,172,662
SLP-13353,Chris Brazzell,WR,CAR,CHI,2.98,-7.37,1.12,2.664705882352941,45.3,566,171,647
SLP-14034,Brock Rechsteiner,WR,NO,DET,2.98,-7.37,1.12,2.664705882352941,45.3,567,176,699
00-0035976,Dan Chisena,WR,CAR,CHI,2.98,-7.37,1.12,2.664705882352941,45.3,568,162,565
00-0038710,Blake Whiteheart,TE,CLE,JAX,0.71,-7.39,0.9133437736256615,0.776470588235294,13.2,569,194,560
00-0040388,Jakobie Keeney-James,WR,PIT,ATL,2.96,-7.39,1.12,2.6411764705882352,44.9,570,179,713
00-0038465,Malik Heath,WR,ATL,PIT,2.96,-7.39,1.0244396435322711,2.888235294117647,49.1,571,178,553
00-0040628,Drake Dabney,TE,GB,MIN,0.7,-7.4,0.88,0.7999999999999999,13.6,572,195,558
SLP-13825,Malik McClain,WR,NYJ,TEN,2.95,-7.4,1.107398454149305,2.664705882352941,45.3,573,185,678
00-0039236,Johnny Wilson,WR,PHI,WAS,2.95,-7.4,1.1058716880307897,2.664705882352941,45.3,574,182,582
00-0040247,Junior Bergen,WR,NYJ,TEN,2.95,-7.4,1.107398454149305,2.664705882352941,45.3,575,183,602
SLP-13826,Caullin Lacy,WR,NYJ,TEN,2.95,-7.4,1.107398454149305,2.664705882352941,45.3,576,186,679
00-0037828,Danny Gray,WR,PHI,WAS,2.95,-7.4,1.1058716880307897,2.664705882352941,45.3,577,181,577
00-0036271,Quez Watkins,WR,PHI,WAS,2.95,-7.4,1.1058716880307897,2.664705882352941,45.3,578,180,566
00-0040405,Jamaal Pritchett,WR,NYJ,TEN,2.95,-7.4,1.107398454149305,2.664705882352941,45.3,579,184,615
00-0034798,Durham Smythe,TE,BAL,IND,0.69,-7.41,1.0091617890174702,0.6823529411764706,11.6,580,196,562
00-0035359,David Sills,WR,TB,CIN,2.94,-7.41,0.88,3.341176470588235,56.8,581,187,522
00-0039798,Isaiah Davis,RB,NYJ,TEN,3.87,-7.42,0.88,4.3999999999999995,74.8,582,103,532
00-0039824,Jared Wiley,TE,KC,DEN,0.67,-7.43,1.12,0.6,10.2,583,197,715
00-0038705,Emari Demercado,RB,KC,DEN,3.86,-7.43,0.9074103515279986,4.258823529411765,72.4,584,104,545
00-0040782,Isaiah Bond,WR,CLE,JAX,2.9,-7.45,0.9526059951390764,3.0470588235294116,51.8,585,188,546
00-0040522,Xavier Restrepo,WR,TEN,NYJ,2.88,-7.47,1.0285155380260187,2.8000000000000003,47.6,586,189,559
00-0039884,Tahj Washington,WR,PHI,WAS,2.88,-7.47,1.1058716880307897,2.6,44.2,587,190,718
SLP-14040,Terrill Davis,WR,MIN,GB,2.87,-7.48,1.0784499054820416,2.664705882352941,45.3,588,196,702
SLP-13621,Dillon Bell,WR,MIN,GB,2.87,-7.48,1.0784499054820416,2.664705882352941,45.3,589,193,657
00-0040498,Dontae Fleming,WR,MIN,GB,2.87,-7.48,1.0784499054820416,2.664705882352941,45.3,590,191,620
SLP-13619,Marcus Sanders,WR,MIN,GB,2.87,-7.48,1.0784499054820416,2.664705882352941,45.3,591,192,656
SLP-13890,Michael Briscoe,WR,MIN,GB,2.87,-7.48,1.0784499054820416,2.664705882352941,45.3,592,194,686
SLP-14038,Trayvon Rudolph,WR,MIN,GB,2.87,-7.48,1.0784499054820416,2.664705882352941,45.3,593,195,701
00-0039437,Cornelius Johnson,WR,BAL,IND,2.85,-7.5,1.0710105283246922,2.664705882352941,45.3,594,200,588
SLP-13410,Chase Roberts,WR,LV,MIA,2.85,-7.5,1.0712649893444448,2.664705882352941,45.3,595,203,651
00-0037382,Brandon Johnson,WR,LV,MIA,2.85,-7.5,1.0712649893444448,2.664705882352941,45.3,596,198,572
BEN601117,Malik Benson,WR,LV,MIA,2.85,-7.5,1.0712649893444448,2.664705882352941,45.3,597,202,632
SLP-13805,E.J. Williams,WR,LV,MIA,2.85,-7.5,1.0712649893444448,2.664705882352941,45.3,598,204,677
SLP-13849,Cortez Braham,WR,BAL,IND,2.85,-7.5,1.0710105283246922,2.664705882352941,45.3,599,205,681
00-0032208,Phillip Dorsett,WR,LV,MIA,2.85,-7.5,1.0712649893444448,2.664705882352941,45.3,600,197,564
SLP-13850,Octavian Smith,WR,BAL,IND,2.85,-7.5,1.0710105283246922,2.664705882352941,45.3,601,206,682
00-0039259,Dayton Wade,WR,BAL,IND,2.85,-7.5,1.0710105283246922,2.664705882352941,45.3,602,199,583
SLP-13898,Corey Rucker,WR,LV,MIA,2.85,-7.5,1.0712649893444448,2.664705882352941,45.3,603,207,687
00-0040099,Xavier Guillory,WR,BAL,IND,2.85,-7.5,1.0710105283246922,2.664705882352941,45.3,604,201,600
SLP-13333,Deion Burks,WR,IND,BAL,2.84,-7.51,1.065157924870384,2.664705882352941,45.3,605,209,643
SLP-13929,Sahmir Hagans,WR,IND,BAL,2.84,-7.51,1.065157924870384,2.664705882352941,45.3,606,211,691
00-0040337,Eli Pancol,WR,IND,BAL,2.84,-7.51,1.065157924870384,2.664705882352941,45.3,607,208,609
SLP-13783,Raylen Sharpe,WR,IND,BAL,2.84,-7.51,1.065157924870384,2.664705882352941,45.3,608,210,676
00-0039299,George Holani,RB,SEA,NE,3.73,-7.56,1.0193590218599482,3.658823529411765,62.2,609,105,724
SLP-13392,Jeff Caldwell,WR,KC,DEN,2.76,-7.59,1.0375174337517434,2.664705882352941,45.3,610,215,649
SLP-13916,Xavier Loyd,WR,KC,DEN,2.76,-7.59,1.0375174337517434,2.664705882352941,45.3,611,218,690
SLP-13905,Omari Evans,WR,KC,DEN,2.76,-7.59,1.0375174337517434,2.664705882352941,45.3,612,217,689
SLP-13904,Jacob De Jesus,WR,KC,DEN,2.76,-7.59,1.0375174337517434,2.664705882352941,45.3,613,216,688
00-0040120,Jimmy Holiday,WR,KC,DEN,2.76,-7.59,1.0375174337517434,2.664705882352941,45.3,614,213,601
00-0038728,Jared Wayne,WR,HOU,BUF,2.76,-7.59,0.918459872783868,3.0,51.0,615,212,549
00-0033439,Pharaoh Brown,TE,IND,BAL,0.51,-7.59,0.88,0.5823529411764706,9.9,616,198,719
00-0040298,Andrew Armstrong,WR,KC,DEN,2.76,-7.59,1.0375174337517434,2.664705882352941,45.3,617,214,605
SLP-14067,Jeff Weimer,WR,KC,DEN,2.76,-7.59,1.0375174337517434,2.664705882352941,45.3,618,219,704
00-0036345,K.J. Osborn,WR,TEN,NYJ,2.74,-7.61,1.0285155380260187,2.664705882352941,45.3,619,220,567
SLP-13600,Tyren Montgomery,WR,TEN,NYJ,2.74,-7.61,1.0285155380260187,2.664705882352941,45.3,620,223,653
00-0040445,Courtney Jackson,WR,TEN,NYJ,2.74,-7.61,1.0285155380260187,2.664705882352941,45.3,621,222,618
SLP-13776,Hank Beatty,WR,TEN,NYJ,2.74,-7.61,1.0285155380260187,2.664705882352941,45.3,622,224,675
00-0037055,Lance McCutcheon,WR,TEN,NYJ,2.74,-7.61,1.0285155380260187,2.664705882352941,45.3,623,221,571
00-0034073,Ross Dwelley,TE,FA,,0.49,-7.61,1.0,0.4882352941176471,8.3,624,199,721
SLP-13343,Vinny Anthony,WR,ATL,PIT,2.73,-7.62,1.0244396435322711,2.664705882352941,45.3,625,225,646
SLP-13973,Keelan Marion,WR,ATL,PIT,2.73,-7.62,1.0244396435322711,2.664705882352941,45.3,626,226,696
SLP-13325,Jordan Hudson,WR,DAL,NYG,2.72,-7.63,1.0216450904927,2.664705882352941,45.3,627,227,642
SMI038569,Anthony Smith,WR,DAL,NYG,2.72,-7.63,1.0216450904927,2.664705882352941,45.3,628,229,707
SLP-13726,Camden Brown,WR,DAL,NYG,2.72,-7.63,1.0216450904927,2.664705882352941,45.3,629,228,669
00-0037755,Jelani Woods,TE,NYJ,TEN,0.47,-7.63,1.0600643402886376,0.44705882352941173,7.6,630,200,722
00-0033589,David Moore,WR,CAR,CHI,2.71,-7.64,1.12,2.4176470588235297,41.1,631,230,727
00-0040621,Montorie Foster Jr,WR,SEA,NE,2.69,-7.66,1.007862161257946,2.664705882352941,45.3,632,231,628
00-0040653,Ricky White III,WR,SEA,NE,2.69,-7.66,1.007862161257946,2.664705882352941,45.3,633,232,629
SLP-14037,Rashad Rochelle,WR,SEA,NE,2.69,-7.66,1.007862161257946,2.664705882352941,45.3,634,234,700
SLP-13313,Emmanuel Henderson,WR,SEA,NE,2.69,-7.66,1.007862161257946,2.664705882352941,45.3,635,233,639
00-0039473,Xavier Johnson,WR,CIN,TB,2.68,-7.67,1.007395273386558,2.664705882352941,45.3,636,237,589
00-0040317,Jacoby Jones,WR,WAS,PHI,2.68,-7.67,0.8926546043748312,3.0,51.0,637,235,550
SLP-13477,Colbie Young,WR,CIN,TB,2.68,-7.67,1.007395273386558,2.664705882352941,45.3,638,240,652
00-0040375,Jordan Moore,WR,CIN,TB,2.68,-7.67,1.007395273386558,2.664705882352941,45.3,639,238,612
00-0037422,Kendric Pryor,WR,CIN,TB,2.68,-7.67,1.007395273386558,2.664705882352941,45.3,640,236,574
SLP-13318,Noah Thomas,WR,CIN,TB,2.68,-7.67,1.007395273386558,2.664705882352941,45.3,641,239,641
00-0037741,Jahan Dotson,WR,ATL,PIT,2.67,-7.68,1.0244396435322711,2.605882352941176,44.3,642,253,717
SLP-13409,Donaven McCulley,WR,MIA,LV,2.67,-7.68,1.0017971309520024,2.664705882352941,45.3,643,249,650
SLP-13744,Cameron Ross,WR,DEN,KC,2.67,-7.68,1.00256051401126,2.664705882352941,45.3,644,251,671
SLP-13743,Joseph Manjack,WR,DEN,KC,2.67,-7.68,1.00256051401126,2.664705882352941,45.3,645,250,670
SLP-13981,Kolbe Katsis,WR,DEN,KC,2.67,-7.68,1.00256051401126,2.664705882352941,45.3,646,252,697
00-0040302,A.J. Henning,WR,MIA,LV,2.67,-7.68,1.0017971309520024,2.664705882352941,45.3,647,243,606
SLP-13338,Kevin Coleman,WR,MIA,LV,2.67,-7.68,1.0017971309520024,2.664705882352941,45.3,648,248,645
00-0040597,Brennan Presley,WR,LA,SF,2.67,-7.68,1.002368385437813,2.664705882352941,45.3,649,244,624
SLP-13336,Dane Key,WR,DEN,KC,2.67,-7.68,1.00256051401126,2.664705882352941,45.3,650,247,644
DAN490797,CJ Daniels,WR,LA,SF,2.67,-7.68,1.002368385437813,2.664705882352941,45.3,651,246,636
00-0036955,Terrace Marshall Jr.,WR,MIA,LV,2.67,-7.68,1.0017971309520024,2.664705882352941,45.3,652,241,570
00-0040609,Tru Edwards,WR,LA,SF,2.67,-7.68,1.002368385437813,2.664705882352941,45.3,653,245,626
00-0038941,Tyler Scott,WR,LA,SF,2.67,-7.68,1.002368385437813,2.664705882352941,45.3,654,242,580
00-0040086,Mac Dalena,WR,FA,,2.66,-7.69,1.0,2.664705882352941,45.3,655,265,599
00-0040053,Tyrone Broden,WR,FA,,2.66,-7.69,1.0,2.664705882352941,45.3,656,264,598
00-0040048,Traeshon Holden,WR,FA,,2.66,-7.69,1.0,2.664705882352941,45.3,657,263,596
00-0039907,Ja'Lynn Polk,WR,FA,,2.66,-7.69,1.0,2.664705882352941,45.3,658,262,595
00-0039747,Ainias Smith,WR,FA,,2.66,-7.69,1.0,2.664705882352941,45.3,659,261,594
00-0039730,Isaiah Wooden,WR,FA,,2.66,-7.69,1.0,2.664705882352941,45.3,660,260,593
00-0039415,Brenden Rice,WR,FA,,2.66,-7.69,1.0,2.664705882352941,45.3,661,258,587
00-0039552,Joshua Cephus,WR,FA,,2.66,-7.69,1.0,2.664705882352941,45.3,662,259,590
00-0040383,Bryson Green,WR,FA,,2.66,-7.69,1.0,2.664705882352941,45.3,663,268,613
00-0038632,Colton Dowell,WR,FA,,2.66,-7.69,1.0,2.664705882352941,45.3,664,257,579
00-0038612,A.T. Perry,WR,FA,,2.66,-7.69,1.0,2.664705882352941,45.3,665,256,578
00-0037387,Jalen Virgil,WR,FA,,2.66,-7.69,1.0,2.664705882352941,45.3,666,255,573
00-0036635,Ihmir Smith-Marsette,WR,ARI,LAC,2.66,-7.69,0.9968944099378882,2.664705882352941,45.3,667,254,568
VIR271235,Reggie Virgil,WR,ARI,LAC,2.66,-7.69,0.9968944099378882,2.664705882352941,45.3,668,273,710
00-0040366,Hal Presley,WR,FA,,2.66,-7.69,1.0,2.664705882352941,45.3,669,267,611
00-0040315,Ja'Corey Brooks,WR,FA,,2.66,-7.69,1.0,2.664705882352941,45.3,670,266,607
00-0040461,Luke Grimm,WR,FA,,2.66,-7.69,1.0,2.664705882352941,45.3,671,270,619
SLP-13670,Harrison Wallace,WR,ARI,LAC,2.66,-7.69,0.9968944099378882,2.664705882352941,45.3,672,272,664
00-0040603,Mario Williams,WR,FA,,2.66,-7.69,1.0,2.664705882352941,45.3,673,271,625
00-0040443,Joaquin Davis,WR,FA,,2.66,-7.69,1.0,2.664705882352941,45.3,674,269,617
SLP-13608,Jerand Bradley,WR,LAC,ARI,2.65,-7.7,0.9939088393396738,2.664705882352941,45.3,675,276,655
SLP-14063,Liam Clifford,WR,LAC,ARI,2.65,-7.7,0.9939088393396738,2.664705882352941,45.3,676,278,703
THO495568,Brenen Thompson,WR,LAC,ARI,2.65,-7.7,0.9939088393396738,2.664705882352941,45.3,677,279,709
SLP-13632,Devonte Ross,WR,LAC,ARI,2.65,-7.7,0.9939088393396738,2.664705882352941,45.3,678,277,658
SLP-13604,Sincere Brown,WR,LAC,ARI,2.65,-7.7,0.9939088393396738,2.664705882352941,45.3,679,275,654
00-0039722,JaQuae Jackson,WR,LAC,ARI,2.65,-7.7,0.9939088393396738,2.664705882352941,45.3,680,274,592
SLP-13967,Jimmy Kibble,WR,NE,SEA,2.64,-7.71,0.9921378387420543,2.664705882352941,45.3,681,285,695
00-0040570,Jeremiah Webb,WR,NE,SEA,2.64,-7.71,0.9921378387420543,2.664705882352941,45.3,682,281,623
SLP-13830,Kyle Dixon,WR,NE,SEA,2.64,-7.71,0.9921378387420543,2.664705882352941,45.3,683,282,680
SLP-13963,Nick DeGennaro,WR,NE,SEA,2.64,-7.71,0.9921378387420543,2.664705882352941,45.3,684,284,694
SLP-13962,Cameron Dorner,WR,NE,SEA,2.64,-7.71,0.9921378387420543,2.664705882352941,45.3,685,283,693
00-0039397,Tejhaun Palmer,WR,NE,SEA,2.64,-7.71,0.9921378387420543,2.664705882352941,45.3,686,280,586
SLP-13941,Omari Kelly,WR,CHI,CAR,2.63,-7.72,0.9874426140966783,2.664705882352941,45.3,687,288,692
THO417520,Zavion Thomas,WR,CHI,CAR,2.63,-7.72,0.9874426140966783,2.664705882352941,45.3,688,290,708
00-0037708,Maurice Alexander,WR,CHI,CAR,2.63,-7.72,0.9874426140966783,2.664705882352941,45.3,689,286,576
00-0040275,JP Richardson,WR,CHI,CAR,2.63,-7.72,0.9874426140966783,2.664705882352941,45.3,690,287,604
SLP-5282,Duplicate Player,WR,CHI,CAR,2.63,-7.72,0.9874426140966783,2.664705882352941,45.3,691,289,706
00-0036527,DJ Turner,WR,FA,,2.61,-7.74,1.0,2.605882352941176,44.3,692,291,716
00-0040218,Jimmy Horn Jr.,WR,CAR,CHI,2.6,-7.75,1.12,2.317647058823529,39.4,693,292,732
00-0040509,Ben Yurosek,TE,MIN,GB,0.35,-7.75,0.88,0.39999999999999997,6.8,694,201,728
00-0038685,Chris Brooks,RB,GB,MIN,3.54,-7.75,0.9657338084497432,3.664705882352941,62.3,695,106,723
MCG547540,Seth McGowan,RB,IND,BAL,3.51,-7.78,0.88,3.994117647058824,67.9,696,107,561
00-0033757,Robert Tonyan,TE,PIT,ATL,0.31,-7.79,1.0325354094991288,0.3,5.1,697,202,733
00-0040488,Carter Runyon,TE,LV,MIA,0.3,-7.8,1.12,0.2647058823529412,4.5,698,203,738
BEL597603,Skyler Bell,WR,BUF,HOU,2.54,-7.81,0.9528352957098389,2.664705882352941,45.3,699,295,631
SLP-13647,Ben Patterson,WR,CLE,JAX,2.54,-7.81,0.9526059951390764,2.664705882352941,45.3,700,296,660
00-0040617,Luke Floriea,WR,CLE,JAX,2.54,-7.81,0.9526059951390764,2.664705882352941,45.3,701,294,627
SLP-13749,Kole Wilson,WR,CLE,JAX,2.54,-7.81,0.9526059951390764,2.664705882352941,45.3,702,299,672
SLP-13696,Ja'Mori Maclin,WR,BUF,HOU,2.54,-7.81,0.9528352957098389,2.664705882352941,45.3,703,297,666
SLP-13698,Max Tomczak,WR,BUF,HOU,2.54,-7.81,0.9528352957098389,2.664705882352941,45.3,704,298,667
00-0040361,Stephen Gosnell,WR,BUF,HOU,2.54,-7.81,0.9528352957098389,2.664705882352941,45.3,705,293,610
00-0039451,Isaiah Williams,WR,NYJ,TEN,2.54,-7.81,1.107398454149305,2.2941176470588234,39.0,706,300,734
00-0040024,Darius Cooper,WR,PHI,WAS,2.52,-7.83,1.1058716880307897,2.2823529411764705,38.8,707,301,737
00-0039686,Colson Yankoff,TE,WAS,PHI,0.25,-7.85,0.88,0.2823529411764706,4.8,708,204,735
LAW090280,Kendrick Law,WR,DET,NO,2.5,-7.85,0.9374184929546104,2.664705882352941,45.3,709,303,638
00-0040390,Jackson Meeks,WR,DET,NO,2.5,-7.85,0.9374184929546104,2.664705882352941,45.3,710,302,614
00-0039394,Casey Washington,WR,CAR,CHI,2.49,-7.86,1.12,2.2235294117647055,37.8,711,304,741
00-0024243,Marcedes Lewis,TE,FA,,0.24,-7.86,1.0,0.23529411764705882,4.0,712,205,740
00-0035298,Scott Miller,WR,PIT,ATL,2.48,-7.87,1.12,2.211764705882353,37.6,713,305,742
00-0040078,Brashard Smith,RB,KC,DEN,3.41,-7.88,0.9074103515279986,3.7529411764705882,63.8,714,108,720
00-0040238,LeQuint Allen Jr.,RB,JAX,CLE,3.41,-7.88,1.1148495991205292,3.0588235294117645,52.0,715,109,773
00-0038440,Zavier Scott,RB,MIN,GB,3.39,-7.9,1.0899936518013014,3.111764705882353,52.9,716,110,769
SLP-13862,Treyvhon Saunders,WR,HOU,BUF,2.45,-7.9,0.918459872783868,2.664705882352941,45.3,717,309,684
SLP-13861,Daniel Sobkowicz,WR,HOU,BUF,2.45,-7.9,0.918459872783868,2.664705882352941,45.3,718,308,683
BON235618,Lewis Bond,WR,HOU,BUF,2.45,-7.9,0.918459872783868,2.664705882352941,45.3,719,307,633
00-0035891,Cody White,WR,SEA,NE,2.45,-7.9,1.007862161257946,2.4352941176470586,41.4,720,310,726
00-0040049,Josh Kelly,WR,HOU,BUF,2.45,-7.9,0.918459872783868,2.664705882352941,45.3,721,306,597
00-0039746,Will Shipley,RB,PHI,WAS,3.35,-7.94,1.12,2.988235294117647,50.8,722,111,777
00-0036825,Feleipe Franks,TE,CAR,CHI,0.16,-7.94,0.9024276451051716,0.1823529411764706,3.1,723,206,743
00-0039305,Jack Westover,TE,NE,SEA,0.13,-7.97,1.0135135135135136,0.12352941176470589,2.1,724,207,745
SLP-13760,Jaden Bradley,WR,WAS,PHI,2.38,-7.97,0.8926546043748312,2.664705882352941,45.3,725,312,673
00-0040551,Nick Nash,WR,WAS,PHI,2.38,-7.97,0.8926546043748312,2.664705882352941,45.3,726,311,621
00-0032688,Robbie Chosen,WR,FA,,2.37,-7.98,1.0,2.3705882352941177,40.3,727,313,729
00-0040558,Isaiah Neyor,WR,GB,MIN,2.34,-8.01,0.88,2.664705882352941,45.3,728,316,622
00-0040323,Chandler Brayboy,WR,JAX,CLE,2.34,-8.01,0.88,2.664705882352941,45.3,729,315,608
00-0037570,Dennis Houston,WR,TB,CIN,2.34,-8.01,0.88,2.664705882352941,45.3,730,314,575
SLP-14020,Dean Patterson,WR,TB,CIN,2.34,-8.01,0.88,2.664705882352941,45.3,731,325,698
SLP-14085,Matthew Henry,WR,TB,CIN,2.34,-8.01,0.88,2.664705882352941,45.3,732,326,705
SLP-13645,Michael Wortham,WR,JAX,CLE,2.34,-8.01,0.88,2.664705882352941,45.3,733,321,659
00-0040753,Will Sheppard,WR,GB,MIN,2.34,-8.01,0.88,2.664705882352941,45.3,734,317,630
WIL189259,CJ Williams,WR,JAX,CLE,2.34,-8.01,0.88,2.664705882352941,45.3,735,327,712
CAM108646,Josh Cameron,WR,JAX,CLE,2.34,-8.01,0.88,2.664705882352941,45.3,736,318,635
SLP-13316,Eric Rivers,WR,TB,CIN,2.34,-8.01,0.88,2.664705882352941,45.3,737,319,640
SLP-13356,Trebor Pena,WR,JAX,CLE,2.34,-8.01,0.88,2.664705882352941,45.3,738,320,648
SLP-13658,Brady Boyd,WR,JAX,CLE,2.34,-8.01,0.88,2.664705882352941,45.3,739,322,661
SLP-13674,Chris Hilton,WR,GB,MIN,2.34,-8.01,0.88,2.664705882352941,45.3,740,323,665
SLP-13770,J. Michael Sturdivant,WR,GB,MIN,2.34,-8.01,0.88,2.664705882352941,45.3,741,324,674
00-0034860,Dante Pettis,WR,BUF,HOU,2.32,-8.03,0.9528352957098389,2.4352941176470586,41.4,742,328,725
00-0038359,Xavier Smith,WR,LA,SF,2.26,-8.09,1.002368385437813,2.2588235294117647,38.4,743,329,739
00-0038564,Cameron Latu,TE,PHI,WAS,0.0,-8.1,1.12,0.0,0.0,744,213,756
00-0037311,Ko Kieft,TE,TB,CIN,0.0,-8.1,1.12,0.0,0.0,745,211,754
00-0038456,Travis Vokolek,TE,ARI,LAC,0.0,-8.1,0.9553353493897829,0.0,0.0,746,212,755
00-0037277,Teagan Quitoriano,TE,ARI,LAC,0.0,-8.1,0.9553353493897829,0.0,0.0,747,210,753
00-0040058,Nick Kallerup,TE,SEA,NE,0.0,-8.1,0.9864864864864865,0.0,0.0,748,217,761
00-0038643,Brayden Willis,TE,SF,LA,0.0,-8.1,0.9521046301864101,0.0,0.0,749,214,758
00-0037031,Nikola Kalinic,TE,CHI,CAR,0.0,-8.1,1.0334863376174535,0.0,0.0,750,209,752
00-0038488,Brady Russell,TE,SEA,NE,0.0,-8.1,0.9864864864864865,0.0,0.0,751,219,959
00-0038735,Princeton Fant,TE,DAL,NYG,0.0,-8.1,0.88,0.0,0.0,752,215,759
00-0035956,Giovanni Ricci,TE,DET,NO,0.0,-8.1,0.9411185827264198,0.0,0.0,753,208,751
00-0040225,Thomas Fidone II,TE,NYG,DAL,0.0,-8.1,0.9426768240918637,0.0,0.0,754,218,762
00-0039489,Hayden Rucci,TE,SF,LA,0.0,-8.1,0.9521046301864101,0.0,0.0,755,216,760
00-0036414,Cam Akers,RB,FA,,3.16,-8.13,1.0,3.158823529411765,53.7,756,112,765
00-0031687,Raheem Mostert,RB,FA,,3.12,-8.17,1.0,3.1176470588235294,53.0,757,113,768
00-0034418,Cedrick Wilson Jr.,WR,MIA,LV,2.17,-8.18,1.0017971309520024,2.164705882352941,36.8,758,330,744
00-0035645,Gunner Olszewski,WR,NYG,DAL,2.15,-8.2,1.12,1.9235294117647062,32.7,759,331,767
00-0037742,Treylon Burks,WR,WAS,PHI,2.11,-8.24,0.8926546043748312,2.364705882352941,40.2,760,332,730
00-0034386,Justin Watson,WR,HOU,BUF,2.1,-8.25,0.918459872783868,2.2823529411764705,38.8,761,333,736
00-0039623,Mason Tipton,WR,NO,DET,2.1,-8.25,1.12,1.8705882352941177,31.8,762,334,771
00-0038824,Ryan Miller,WR,MIA,LV,2.06,-8.29,1.0017971309520024,2.052941176470588,34.9,763,335,748
00-0040590,Konata Mumpfield,WR,LA,SF,2.02,-8.33,1.002368385437813,2.0176470588235293,34.3,764,336,750
00-0040172,Jordan Watkins,WR,SF,LA,2.02,-8.33,1.12,1.8,30.6,765,337,775
00-0035639,Parris Campbell,WR,FA,,2.0,-8.35,1.0,2.0,34.0,766,338,763
00-0040179,DJ Giddens,RB,IND,BAL,2.94,-8.35,0.88,3.335294117647059,56.7,767,114,746
00-0036630,Tylan Wallace,WR,CLE,JAX,1.94,-8.41,0.9526059951390764,2.0411764705882356,34.7,768,339,749
00-0035993,Tyler Huntley,QB,BAL,IND,9.71,-8.46,1.0047950281267894,9.664705882352942,164.3,769,47,764
00-0040547,Nate Carter,RB,ATL,PIT,2.82,-8.47,0.9388112997936835,3.0,51.0,770,115,776
00-0040164,Jaylin Lane,WR,WAS,PHI,1.86,-8.49,0.8926546043748312,2.0823529411764703,35.4,771,340,747
00-0040563,Efton Chism III,WR,NE,SEA,1.86,-8.49,0.9921378387420543,1.8705882352941177,31.8,772,341,772
00-0035140,Mecole Hardman,WR,BUF,HOU,1.85,-8.5,0.9528352957098389,1.9411764705882353,33.0,773,342,766
00-0034854,KhaDarel Hodge,WR,SF,LA,1.83,-8.52,1.12,1.6352941176470588,27.8,774,343,782
00-0040581,Dont'e Thornton Jr.,WR,LV,MIA,1.8,-8.55,1.0712649893444448,1.6823529411764706,28.6,775,345,780
00-0039843,Qadir Ismail,WR,CHI,CAR,1.8,-8.55,0.9874426140966783,1.8235294117647058,31.0,776,344,412
00-0040644,Trevor Etienne,RB,CAR,CHI,2.72,-8.57,0.9701520912547529,2.8000000000000003,47.6,777,116,785
00-0035021,Ashton Dulin,WR,IND,BAL,1.75,-8.6,1.065157924870384,1.6470588235294117,28.0,778,346,781
00-0039920,Malachi Corley,WR,CLE,JAX,1.74,-8.61,0.9526059951390764,1.8294117647058825,31.1,779,347,774
00-0040142,Kaleb Johnson,RB,PIT,ATL,2.67,-8.62,0.9480534126878827,2.817647058823529,47.9,780,117,784
00-0038640,Jalen Brooks,WR,ARI,LAC,1.7,-8.65,0.9968944099378882,1.7058823529411764,29.0,781,348,778
00-0040208,Tahj Brooks,RB,CIN,TB,2.6,-8.69,1.0177742186167291,2.552941176470588,43.4,782,118,795
00-0040009,Savion Williams,WR,GB,MIN,1.65,-8.7,0.88,1.8764705882352941,31.9,783,349,770
SLP-14080,Barika Kpeenu,RB,TB,CIN,2.58,-8.71,1.0721497753937719,2.4058823529411764,40.9,784,119,805
00-0039325,Carson Steele,RB,PHI,WAS,2.56,-8.73,1.12,2.288235294117647,38.9,785,120,815
00-0036133,James Proche,WR,FA,,1.62,-8.73,1.0,1.6235294117647059,27.6,786,350,783
00-0039650,Bryce Oliver,WR,TEN,NYJ,1.62,-8.73,1.0285155380260187,1.576470588235294,26.8,787,351,786
00-0037276,Ty Chandler,RB,NO,DET,2.55,-8.74,1.028115582175553,2.476470588235294,42.1,788,121,800
00-0039363,Isaac Guerendo,RB,SF,LA,2.54,-8.75,1.12,2.2705882352941176,38.6,789,122,818
00-0036862,Ben Skowronek,WR,PIT,ATL,1.57,-8.78,1.12,1.4058823529411764,23.9,790,352,790
00-0038840,Brycen Tremayne,WR,CAR,CHI,1.56,-8.79,1.12,1.3941176470588235,23.7,791,353,791
00-0036360,Clyde Edwards-Helaire,RB,FA,,2.48,-8.81,1.0,2.4823529411764707,42.2,792,123,799
00-0037091,Bo Melton,WR,GB,MIN,1.5,-8.85,0.88,1.7,28.9,793,354,779
00-0038930,Carlos Washington,RB,MIA,LV,2.4,-8.89,1.0344538372599936,2.317647058823529,39.4,794,124,812
00-0039379,Jamari Thrash,WR,CLE,JAX,1.44,-8.91,0.9526059951390764,1.511764705882353,25.7,795,355,787
00-0039573,Blake Watson,RB,FA,,2.38,-8.91,1.0,2.376470588235294,40.4,796,125,807
00-0039021,Roschon Johnson,RB,CHI,CAR,2.37,-8.92,1.12,2.1176470588235294,36.0,797,126,829
00-0040406,Quentin Skinner,WR,BUF,HOU,1.43,-8.92,0.9528352957098389,1.5,25.5,798,356,788
SLP-14082,Alex Tecza,RB,PIT,ATL,2.36,-8.93,0.9480534126878827,2.4941176470588236,42.4,799,127,797
00-0040394,Anthony Tyus III,RB,CAR,CHI,2.36,-8.93,0.9701520912547529,2.4352941176470586,41.4,800,128,803
00-0038040,Zamir White,RB,NO,DET,2.34,-8.95,1.028115582175553,2.2764705882352945,38.7,801,129,817
00-0038579,Aidan O'Connell,QB,LV,MIA,9.2,-8.97,1.0444083268770843,8.811764705882354,149.8,802,48,809
00-0040567,Brock Lampe,RB,NE,SEA,2.3,-8.99,0.9806409781400519,2.347058823529412,39.9,803,130,810
00-0037258,Dameon Pierce,RB,PHI,WAS,2.3,-8.99,1.12,2.052941176470588,34.9,804,131,837
00-0034419,Braxton Berrios,WR,NYG,DAL,1.36,-8.99,1.12,1.2176470588235293,20.7,805,357,804
00-0039471,Frank Gore Jr.,RB,BUF,HOU,2.29,-9.0,0.9815589353612166,2.335294117647059,39.7,806,132,811
00-0039757,Terrell Jennings,RB,FA,,2.29,-9.0,1.0,2.2941176470588234,39.0,807,133,814
00-0040184,KeAndre Lambert-Smith,WR,LAC,ARI,1.35,-9.0,0.9939088393396738,1.3588235294117648,23.1,808,358,794
SLP-13277,CJ Donaldson,RB,NO,DET,2.26,-9.03,1.028115582175553,2.1999999999999997,37.4,809,134,824
00-0038953,Dylan Drummond,WR,ATL,PIT,1.31,-9.04,1.0244396435322711,1.2823529411764707,21.8,810,359,798
00-0034487,Trent Sherfield,WR,BUF,HOU,1.3,-9.05,0.9528352957098389,1.3647058823529412,23.2,811,360,793
00-0036841,Austin Trammell,WR,JAX,CLE,1.28,-9.07,0.88,1.4588235294117649,24.8,812,361,789
00-0040260,Ahmani Marshall,RB,CLE,JAX,2.22,-9.07,0.88,2.523529411764706,42.9,813,135,796
SLP-13844,Coleman Bennett,RB,MIA,LV,2.21,-9.08,1.0344538372599936,2.1411764705882352,36.4,814,136,828
00-0034054,River Cracraft,WR,FA,,1.26,-9.09,1.0,1.2647058823529411,21.5,815,362,801
00-0038738,Hunter Luepke,RB,DAL,NYG,2.19,-9.1,1.1021730889516481,1.9882352941176469,33.8,816,137,849
SLP-14041,Anderson Castle,RB,IND,BAL,2.17,-9.12,0.88,2.4647058823529413,41.9,817,138,802
SLP-13315,Dean Connors,RB,LA,SF,2.16,-9.13,1.1017110266159695,1.964705882352941,33.4,818,139,851
00-0036906,Khalil Herbert,RB,SF,LA,2.15,-9.14,1.12,1.9176470588235295,32.6,819,140,854
00-0036497,Tim Jones,WR,JAX,CLE,1.21,-9.14,0.88,1.3705882352941177,23.3,820,363,792
00-0038678,Jordan Mims,RB,PHI,WAS,2.14,-9.15,1.12,1.911764705882353,32.5,821,141,855
SLP-13595,Cash Jones,RB,ATL,PIT,2.12,-9.17,0.9388112997936835,2.2588235294117647,38.4,822,142,819
00-0038573,Derius Davis,WR,LAC,ARI,1.16,-9.19,0.9939088393396738,1.1705882352941175,19.9,823,364,806
00-0039521,Xavier Weaver,WR,ARI,LAC,1.16,-9.19,0.9968944099378882,1.1647058823529413,19.8,824,365,808
00-0039703,Cody Schrader,RB,DEN,KC,2.09,-9.2,0.9630650694668209,2.1705882352941175,36.9,825,143,827
00-0035291,Trayveon Williams,RB,DET,NO,2.08,-9.21,0.954058075399458,2.182352941176471,37.1,826,144,826
00-0038938,Jalin Hyatt,WR,NYG,DAL,1.13,-9.22,1.12,1.0058823529411764,17.1,827,366,823
00-0038752,Jake Bobo,WR,SEA,NE,1.11,-9.24,1.007862161257946,1.1058823529411765,18.8,828,367,813
00-0039230,Dante Miller,RB,FA,,2.05,-9.24,1.0,2.052941176470588,34.9,829,145,838
00-0040067,Jacardia Wright,RB,SEA,NE,2.04,-9.25,1.0193590218599482,2.0,34.0,830,148,846
00-0040651,Damien Martinez,RB,GB,MIN,2.04,-9.25,0.9657338084497432,2.111764705882353,35.9,831,147,831
00-0039244,Chris Collier,RB,LV,MIA,2.04,-9.25,0.9150277677742187,2.2294117647058824,37.9,832,146,821
00-0037132,Britain Covey,WR,PHI,WAS,1.09,-9.26,1.1058716880307897,0.9882352941176471,16.8,833,368,825
00-0036620,Dee Eskridge,WR,FA,,1.08,-9.27,1.0,1.076470588235294,18.3,834,369,816
00-0036176,Mason Kinsey,WR,TEN,NYJ,1.07,-9.28,1.0285155380260187,1.0411764705882351,17.7,835,370,820
00-0037085,Tyler Badie,RB,DEN,KC,2.0,-9.29,0.9630650694668209,2.076470588235294,35.3,836,149,835
SLP-13949,Damon Bankston,RB,NYG,DAL,1.97,-9.32,0.9467190431964214,2.0823529411764703,35.4,837,150,834
00-0039062,Jonathan Mingo,WR,DAL,NYG,1.03,-9.32,1.0216450904927,1.011764705882353,17.2,838,371,822
00-0040272,Deion Hankins,RB,FA,,1.94,-9.35,1.0,1.9352941176470588,32.9,839,151,853
00-0028118,Tyrod Taylor,QB,GB,MIN,8.8,-9.37,0.88,10.0,170.0,840,49,731
00-0038518,Deneric Prince,RB,FA,,1.91,-9.38,1.0,1.9058823529411764,32.4,841,152,857
00-0038622,Deuce Vaughn,RB,HOU,BUF,1.9,-9.39,1.015019011406844,1.8764705882352941,31.9,842,153,859
00-0040400,Donovan Edwards,RB,MIA,LV,1.88,-9.41,1.0344538372599936,1.8176470588235294,30.9,843,154,863
00-0033854,Dare Ogunbowale,RB,LV,MIA,1.87,-9.42,0.9150277677742187,2.0411764705882356,34.7,844,155,840
SLP-13603,Gregory Desrosiers,RB,LAC,ARI,1.87,-9.42,1.12,1.6705882352941175,28.4,845,156,874
00-0038496,Xavier Gipson,WR,NYG,DAL,0.92,-9.43,1.12,0.8176470588235294,13.9,846,373,843
00-0038519,Nikko Remigio,WR,KC,DEN,0.92,-9.43,1.0375174337517434,0.8823529411764706,15.0,847,372,832
00-0040432,Beaux Collins,WR,ATL,PIT,0.9,-9.45,1.0244396435322711,0.8764705882352941,14.9,848,375,833
00-0037487,Deven Thompkins,WR,LV,MIA,0.9,-9.45,1.0712649893444448,0.8411764705882353,14.3,849,376,839
00-0036646,Simi Fehoko,WR,ARI,LAC,0.9,-9.45,0.9968944099378882,0.9058823529411765,15.4,850,374,830
00-0040556,Corey Kiner,RB,ARI,LAC,1.83,-9.46,0.88,2.076470588235294,35.3,851,157,836
00-0037098,Samori Toure,WR,PHI,WAS,0.88,-9.47,1.1058716880307897,0.7999999999999999,13.6,852,377,845
00-0038389,Israel Abanikanda,RB,DAL,NYG,1.81,-9.48,1.1021730889516481,1.6411764705882352,27.9,853,159,877
SLP-13852,Dontae McMillan,RB,BAL,IND,1.81,-9.48,1.0111023711594231,1.788235294117647,30.4,854,158,865
SLP-13339,Davon Booth,RB,CLE,JAX,1.78,-9.51,0.88,2.023529411764706,34.4,855,160,844
SLP-13438,DeaMonte Trayanum,RB,NYJ,TEN,1.75,-9.54,0.88,1.9941176470588236,33.9,856,161,847
00-0040259,Gage Larvadain,WR,CLE,JAX,0.8,-9.55,0.9526059951390764,0.8352941176470587,14.2,857,378,841
00-0031763,DeAndre Carter,WR,FA,,0.78,-9.57,1.0,0.7823529411764706,13.3,858,380,848
00-0037557,Ronnie Rivers,RB,LA,SF,1.72,-9.57,1.1017110266159695,1.5647058823529412,26.6,859,163,881
00-0035544,Tom Kennedy,WR,DET,NO,0.78,-9.57,0.9374184929546104,0.8294117647058823,14.1,860,379,842
SLP-13909,Elijah Tau-Tolliver,RB,BAL,IND,1.72,-9.57,1.0111023711594231,1.7,28.9,861,162,873
00-0037745,Velus Jones Jr.,WR,SEA,NE,0.76,-9.59,1.007862161257946,0.7529411764705882,12.8,862,381,852
00-0040582,Arian Smith,WR,NYJ,TEN,0.74,-9.61,1.107398454149305,0.6647058823529413,11.3,863,382,860
00-0040332,Ja'Quinden Jackson,RB,PHI,WAS,1.67,-9.62,1.12,1.4941176470588236,25.4,864,164,887
00-0040646,Jalen Royals,WR,KC,DEN,0.73,-9.62,1.0375174337517434,0.7000000000000001,11.9,865,383,856
HEI114391,Eli Heidenreich,RB,PIT,ATL,1.64,-9.65,0.9480534126878827,1.7294117647058822,29.4,866,165,870
SLP-13725,Dominic Richardson,RB,NYJ,TEN,1.63,-9.66,0.88,1.8470588235294116,31.4,867,166,862
00-0037093,Dareke Young,WR,LV,MIA,0.69,-9.66,1.0712649893444448,0.6470588235294118,11.0,868,385,861
00-0035602,Alex Bachman,WR,LA,SF,0.69,-9.66,1.002368385437813,0.6882352941176471,11.7,869,384,858
00-0037120,Tyler Goodson,RB,ATL,PIT,1.62,-9.67,0.9388112997936835,1.723529411764706,29.3,870,167,871
00-0039589,Kameron Johnson,WR,TB,CIN,0.68,-9.67,0.88,0.7705882352941176,13.1,871,386,850
SLP-13778,EJ Smith,RB,KC,DEN,1.6,-9.69,0.9074103515279986,1.7588235294117647,29.9,872,168,868
SLP-13348,J'Mari Taylor,RB,JAX,CLE,1.6,-9.69,1.1148495991205292,1.4352941176470588,24.4,873,169,889
00-0036265,AJ Dillon,RB,CAR,CHI,1.56,-9.73,0.9701520912547529,1.6117647058823528,27.4,874,170,878
00-0040601,Jordan Waters,RB,LA,SF,1.55,-9.74,1.1017110266159695,1.4058823529411764,23.9,875,172,890
SLP-13946,Jamal Haynes,RB,CIN,TB,1.55,-9.74,1.0177742186167291,1.5235294117647058,25.9,876,171,885
00-0039652,Jabari Small,RB,DET,NO,1.54,-9.75,0.954058075399458,1.6117647058823528,27.4,877,173,879
00-0036331,Devin Duvernay,WR,ARI,LAC,0.6,-9.75,0.9968944099378882,0.6,10.2,878,387,864
SLP-13906,Jaden Nixon,RB,GB,MIN,1.53,-9.76,0.9657338084497432,1.5823529411764705,26.9,879,174,880
MIL303300,Jam Miller,RB,NE,SEA,1.52,-9.77,0.9806409781400519,1.552941176470588,26.4,880,175,882
00-0036463,Chris Blair,WR,ATL,PIT,0.57,-9.78,1.0244396435322711,0.5529411764705883,9.4,881,388,867
00-0037617,Hassan Haskins,RB,NE,SEA,1.47,-9.82,0.9806409781400519,1.4941176470588236,25.4,882,176,886
00-0035100,Jake Browning,QB,TB,CIN,8.34,-9.83,1.0729191228483848,7.776470588235293,132.2,883,50,894
00-0038090,Skyy Moore,WR,GB,MIN,0.51,-9.84,0.88,0.5764705882352942,9.8,884,389,866
00-0039816,Anthony Gould,WR,IND,BAL,0.47,-9.88,1.065157924870384,0.4411764705882353,7.5,885,390,876
SLP-14076,Justin Jones,RB,SEA,NE,1.4,-9.89,1.0193590218599482,1.3764705882352941,23.4,886,177,892
00-0035876,Andre Baccellia,WR,FA,,0.45,-9.9,1.0,0.44705882352941173,7.6,887,391,875
SLP-13436,Kentrel Bullock,RB,CIN,TB,1.37,-9.92,1.0177742186167291,1.3470588235294116,22.9,888,178,893
00-0040234,Quinn Ewers,QB,MIA,LV,8.25,-9.92,1.0101306969380537,8.170588235294119,138.9,889,51,872
SLP-13419,Jaydn Ott,RB,KC,DEN,1.33,-9.96,0.9074103515279986,1.464705882352941,24.9,890,179,888
00-0040393,Kye Robichaux,RB,FA,,1.32,-9.97,1.0,1.3176470588235294,22.4,891,180,895
00-0035628,D'Ernest Johnson,RB,TEN,NYJ,1.3,-9.99,1.12,1.1647058823529413,19.8,892,181,918
00-0040154,Tai Felton,WR,MIN,GB,0.36,-9.99,1.0784499054820416,0.33529411764705885,5.7,893,392,884
00-0040637,Lucas Scott,RB,BAL,IND,1.27,-10.02,1.0111023711594231,1.2588235294117647,21.4,894,182,900
00-0040568,Lan Larison,RB,NE,SEA,1.26,-10.03,0.9806409781400519,1.288235294117647,21.9,895,183,899
00-0036984,Trey Sermon,RB,ATL,PIT,1.23,-10.06,0.9388112997936835,1.3058823529411765,22.2,896,184,896
00-0035973,Patrick Taylor,RB,SF,LA,1.21,-10.08,1.12,1.0823529411764705,18.4,897,185,923
00-0039684,Michael Wiley,RB,FA,,1.2,-10.09,1.0,1.2,20.4,898,186,916
00-0039164,Anthony Richardson,QB,IND,BAL,8.07,-10.1,1.008783305824098,8.0,136.0,899,52,883
00-0040618,Max Hurleman,RB,PIT,ATL,1.17,-10.12,0.9480534126878827,1.2294117647058822,20.9,900,187,901
00-0039796,Rasheen Ali,RB,BAL,IND,1.15,-10.14,1.0111023711594231,1.1352941176470588,19.3,901,188,920
SLP-14044,Miles Davis,RB,CAR,CHI,1.14,-10.15,0.9701520912547529,1.1705882352941175,19.9,902,189,917
SLP-13437,Noah Whittington,RB,HOU,BUF,1.13,-10.16,1.015019011406844,1.1117647058823528,18.9,903,190,921
00-0040534,Ke'Shawn Williams,WR,CIN,TB,0.18,-10.17,1.007395273386558,0.1823529411764706,3.1,904,393,891
00-0036898,Davis Mills,QB,HOU,BUF,7.99,-10.18,0.974317110446219,8.200000000000001,139.4,905,53,869
00-0040028,Montrell Johnson Jr.,RB,CAR,CHI,1.11,-10.18,0.9701520912547529,1.1411764705882352,19.4,906,191,919
SLP-13418,Robert Henry,RB,WAS,PHI,1.06,-10.23,1.0337803523250277,1.0235294117647058,17.4,907,192,925
00-0038576,Charlie Jones,WR,CIN,TB,0.1,-10.25,1.007395273386558,0.09999999999999999,1.7,908,394,897
00-0038911,Malik Cunningham,WR,DET,NO,0.09,-10.26,0.9374184929546104,0.09999999999999999,1.7,909,395,898
00-0036425,DeeJay Dallas,RB,JAX,CLE,1.03,-10.26,1.1148495991205292,0.9235294117647058,15.7,910,194,931
00-0038396,Eric Gray,RB,NYG,DAL,1.03,-10.26,0.9467190431964214,1.088235294117647,18.5,911,193,922
00-0038098,Pierre Strong,RB,GB,MIN,1.02,-10.27,0.9657338084497432,1.052941176470588,17.9,912,195,924
00-0035567,Craig Reynolds,RB,WAS,PHI,1.01,-10.28,1.0337803523250277,0.9764705882352942,16.6,913,196,928
00-0037509,Sincere McCormick,RB,SF,LA,0.98,-10.31,1.12,0.8764705882352941,14.9,914,197,934
SLP-14008,Rodney Hammond,RB,DEN,KC,0.96,-10.33,0.9630650694668209,0.9941176470588234,16.9,915,198,926
00-0040629,Dalevon Campbell,WR,LAC,ARI,0.0,-10.35,0.9939088393396738,0.0,0.0,916,410,915
00-0038492,Jason Brownlee,WR,KC,DEN,0.0,-10.35,1.0375174337517434,0.0,0.0,917,402,907
00-0032951,Laquon Treadwell,WR,IND,BAL,0.0,-10.35,1.065157924870384,0.0,0.0,918,397,902
00-0033572,Jamal Agnew,WR,FA,,0.0,-10.35,1.0,0.0,0.0,919,398,903
00-0040506,Myles Price,WR,MIN,GB,0.0,-10.35,1.0784499054820416,0.0,0.0,920,409,914
00-0034928,Steven Sims,WR,FA,,0.0,-10.35,1.0,0.0,0.0,921,400,905
00-0037380,Kaden Davis,WR,CHI,CAR,0.0,-10.35,0.9874426140966783,0.0,0.0,922,401,906
00-0034867,Malik Turner,WR,SF,LA,0.0,-10.35,1.12,0.0,0.0,923,399,904
00-0038740,Jalen Moreno-Cropper,WR,NO,DET,0.0,-10.35,1.12,0.0,0.0,924,403,908
00-0040352,Coleman Owen,WR,IND,BAL,0.0,-10.35,1.065157924870384,0.0,0.0,925,407,912
00-0040431,Dalen Cambre,WR,NYG,DAL,0.0,-10.35,1.12,0.0,0.0,926,408,913
00-0039710,Jeshaun Jones,WR,MIN,GB,0.0,-10.35,1.0784499054820416,0.0,0.0,927,404,909
00-0038590,Justin Shorter,WR,LV,MIA,0.0,-10.35,1.0712649893444448,0.0,0.0,928,396,757
00-0040241,Dominic Lovett,WR,DET,NO,0.0,-10.35,0.9374184929546104,0.0,0.0,929,406,911
00-0040075,LaJohntay Wester,WR,BAL,IND,0.0,-10.35,1.0710105283246922,0.0,0.0,930,405,910
00-0040032,ShunDerrick Powell,RB,FA,,0.91,-10.38,1.0,0.9058823529411765,15.4,931,199,932
00-0039603,British Brooks,RB,HOU,BUF,0.9,-10.39,1.015019011406844,0.888235294117647,15.1,932,200,933
00-0040039,Amar Johnson,RB,LAC,ARI,0.9,-10.39,1.12,0.7999999999999999,13.6,933,201,937
SLP-14064,Roydell Williams,RB,DET,NO,0.89,-10.4,0.954058075399458,0.9352941176470588,15.9,934,202,930
SLP-13416,Roman Hemby,RB,LV,MIA,0.88,-10.41,0.9150277677742187,0.9647058823529411,16.4,935,203,929
00-0033376,Patrick Ricard,RB,BAL,IND,0.87,-10.42,1.0111023711594231,0.8588235294117647,14.6,936,204,935
00-0038397,Evan Hull,RB,ARI,LAC,0.86,-10.43,0.88,0.9823529411764705,16.7,937,205,927
00-0037594,Julius Chestnut,RB,TEN,NYJ,0.84,-10.45,1.12,0.7529411764705882,12.8,938,206,938
SLP-13780,Terion Stewart,RB,KC,DEN,0.77,-10.52,0.9074103515279986,0.8470588235294118,14.4,939,207,936
00-0035311,Myles Gaskin,RB,FA,,0.68,-10.61,1.0,0.6764705882352942,11.5,940,208,939
00-0040429,Josh Williams,RB,TB,CIN,0.59,-10.7,1.0721497753937719,0.5529411764705883,9.4,941,209,941
00-0039364,Sione Vaki,RB,DET,NO,0.56,-10.73,0.954058075399458,0.5823529411764706,9.9,942,210,940
00-0036842,Kene Nwangwu,RB,NYJ,TEN,0.38,-10.91,0.88,0.43529411764705883,7.4,943,211,943
00-0035594,Travis Homer,RB,PIT,ATL,0.37,-10.92,0.9480534126878827,0.3941176470588235,6.7,944,212,944
00-0036187,Reggie Gilliam,RB,NE,SEA,0.34,-10.95,0.9806409781400519,0.3470588235294118,5.9,945,213,945
00-0038458,Owen Wright,RB,HOU,BUF,0.3,-10.99,1.015019011406844,0.3,5.1,946,214,946
00-0039407,Dylan Laube,RB,LV,MIA,0.2,-11.09,0.9150277677742187,0.21764705882352942,3.7,947,215,947
00-0039266,Kendall Milton,RB,CIN,TB,0.2,-11.09,1.0177742186167291,0.19999999999999998,3.4,948,216,948
00-0040205,Kalel Mullings,RB,TEN,NYJ,0.2,-11.09,1.12,0.17647058823529413,3.0,949,217,949
00-0038896,Jacob Saylors,RB,DET,NO,0.1,-11.19,0.954058075399458,0.09999999999999999,1.7,950,218,951
00-0036567,Elijah Mitchell,RB,FA,,0.0,-11.29,1.0,0.0,0.0,951,222,955
00-0036950,Avery Williams,RB,FA,,0.0,-11.29,1.0,0.0,0.0,952,224,957
00-0040649,Robbie Ouzts,RB,SEA,NE,0.0,-11.29,1.0193590218599482,0.0,0.0,953,227,961
00-0040476,Ulysses Bentley IV,RB,IND,BAL,0.0,-11.29,0.88,0.0,0.0,954,226,960
00-0038409,Lew Nichols III,RB,PIT,ATL,0.0,-11.29,0.9480534126878827,0.0,0.0,955,225,958
00-0034367,Nyheim Hines,RB,NO,DET,0.0,-11.29,1.028115582175553,0.0,0.0,956,219,952
00-0036569,Gary Brightwell,RB,CIN,TB,0.0,-11.29,1.0177742186167291,0.0,0.0,957,223,956
00-0035726,Jakob Johnson,RB,HOU,BUF,0.0,-11.29,1.015019011406844,0.0,0.0,958,221,954
00-0034681,Chase Edmonds,RB,FA,,0.0,-11.29,1.0,0.0,0.0,959,220,953
00-0040203,Will Howard,QB,PIT,ATL,6.66,-11.51,1.03088052009297,6.458823529411765,109.8,960,55,963
00-0040206,Riley Leonard,QB,IND,BAL,6.66,-11.51,1.008783305824098,6.6000000000000005,112.2,961,54,950
00-0034771,Mason Rudolph,QB,PIT,ATL,6.45,-11.72,1.03088052009297,6.258823529411765,106.4,962,56,964
00-0040704,Dillon Gabriel,QB,CLE,JAX,6.34,-11.83,0.9042407031580793,7.0058823529411764,119.1,963,57,942
00-0040398,Brady Cook,QB,NYJ,TEN,6.33,-11.84,1.1113467174183986,5.694117647058824,96.8,964,58,972
MOR767384,Behren Morton,QB,NE,SEA,6.17,-12.0,1.0090309398715704,6.117647058823529,104.0,965,59,970
SLP-13350,Joe Fagnano,QB,BAL,IND,6.15,-12.02,1.0047950281267894,6.117647058823529,104.0,966,60,971
00-0039107,Stetson Bennett,QB,LA,SF,6.13,-12.04,1.001740319004671,6.117647058823529,104.0,967,61,968
00-0032156,Trevor Siemian,QB,FA,,6.12,-12.05,1.0,6.117647058823529,104.0,968,62,965
00-0035251,Will Grier,QB,FA,,6.12,-12.05,1.0,6.117647058823529,104.0,969,63,966
00-0038122,Desmond Ridder,QB,FA,,6.12,-12.05,1.0,6.117647058823529,104.0,970,64,967
00-0038400,Tanner McKee,QB,PHI,WAS,6.09,-12.08,1.0801411392191869,5.635294117647058,95.8,971,65,973
00-0039677,Sam Hartman,QB,WAS,PHI,6.05,-12.12,0.9884357068811961,6.117647058823529,104.0,972,66,969
00-0027973,Andy Dalton,QB,PHI,WAS,5.97,-12.2,1.0801411392191869,5.529411764705882,94.0,973,67,974
00-0033869,Mitchell Trubisky,QB,TEN,NYJ,5.93,-12.24,1.0804645130865362,5.488235294117647,93.3,974,68,975
00-0040014,Kyle McCord,QB,GB,MIN,5.68,-12.49,0.88,6.458823529411765,109.8,975,69,962
00-0039398,Joe Milton III,QB,DAL,NYG,5.22,-12.95,1.023389025499377,5.1000000000000005,86.7,976,70,977
00-0037324,Chris Oladokun,QB,KC,DEN,4.8,-13.37,1.0886907627007396,4.411764705882353,75.0,977,71,979
00-0035704,Drew Lock,QB,SEA,NE,4.67,-13.5,0.9909690601284297,4.711764705882352,80.1,978,72,978
00-0040589,Kurtis Rourke,QB,SF,LA,4.43,-13.74,1.0990438892049184,4.035294117647059,68.6,979,73,985
00-0040415,Connor Bazelak,QB,TB,CIN,4.33,-13.84,1.0729191228483848,4.035294117647059,68.6,980,74,983
00-0038998,Jake Haener,QB,NYG,DAL,4.29,-13.88,1.12,3.829411764705882,65.1,981,76,991
00-0038391,Sean Clifford,QB,CIN,TB,4.29,-13.88,1.12,3.829411764705882,65.1,982,75,989
KLU066027,Cade Klubnik,QB,NYJ,TEN,4.26,-13.91,1.1113467174183986,3.829411764705882,65.1,983,78,997
00-0038108,Bailey Zappe,QB,NYJ,TEN,4.26,-13.91,1.1113467174183986,3.829411764705882,65.1,984,77,988
00-0040464,DJ Uiagalelei,QB,LAC,ARI,4.24,-13.93,1.0501751608448142,4.035294117647059,68.6,985,79,984
SLP-13415,Haynes King,QB,CAR,CHI,4.22,-13.95,1.1013679316357061,3.829411764705882,65.1,986,80,1003
SLP-13602,Jack Strand,QB,ATL,PIT,4.18,-13.99,1.0910272882568512,3.829411764705882,65.1,987,81,1007
NUS440041,Garrett Nussmeier,QB,KC,DEN,4.17,-14.0,1.0886907627007396,3.829411764705882,65.1,988,82,998
00-0039152,Will Levis,QB,TEN,NYJ,4.14,-14.03,1.0804645130865362,3.829411764705882,65.1,989,84,992
PAY546690,Cole Payton,QB,PHI,WAS,4.14,-14.03,1.0801411392191869,3.829411764705882,65.1,990,85,999
00-0038550,Hendon Hooker,QB,TEN,NYJ,4.14,-14.03,1.0804645130865362,3.829411764705882,65.1,991,83,990
00-0033662,Cooper Rush,QB,ATL,PIT,4.12,-14.05,1.0910272882568512,3.7764705882352945,64.2,992,86,1010
SLP-13425,Jalon Daniels,QB,TB,CIN,4.11,-14.06,1.0729191228483848,3.829411764705882,65.1,993,87,1004
00-0040222,Cam Miller,QB,MIA,LV,4.08,-14.09,1.0101306969380537,4.035294117647059,68.6,994,88,981
00-0040330,Seth Henigan,QB,FA,,4.04,-14.13,1.0,4.035294117647059,68.6,995,89,982
SLP-13802,Jacob Clark,QB,LV,MIA,4.0,-14.17,1.0444083268770843,3.829411764705882,65.1,996,90,1008
ALL015451,Drew Allar,QB,PIT,ATL,3.95,-14.22,1.03088052009297,3.829411764705882,65.1,997,91,994
00-0040211,Graham Mertz,QB,HOU,BUF,3.93,-14.24,0.974317110446219,4.035294117647059,68.6,998,92,980
00-0037077,Sam Howell,QB,DAL,NYG,3.92,-14.25,1.023389025499377,3.829411764705882,65.1,999,93,987
SLP-13816,Mark Gronowski,QB,MIA,LV,3.87,-14.3,1.0101306969380537,3.829411764705882,65.1,1000,94,1009
00-0037012,Trey Lance,QB,LAC,ARI,3.84,-14.33,1.0501751608448142,3.652941176470588,62.1,1001,96,1012
SLP-13597,Matthew Caldwell,QB,LA,SF,3.84,-14.33,1.001740319004671,3.829411764705882,65.1,1002,95,1006
00-0036679,Shane Buechele,QB,BUF,HOU,3.83,-14.34,0.9764265880276385,3.9176470588235293,66.6,1003,97,986
KAL252591,Athan Kaliakmanis,QB,WAS,PHI,3.79,-14.38,0.9884357068811961,3.829411764705882,65.1,1004,98,996
SLP-13310,Miller Moss,QB,CHI,CAR,3.69,-14.48,0.9628031420186594,3.829411764705882,65.1,1005,99,1001
SLP-13272,Carson Beck,QB,ARI,LAC,3.57,-14.6,0.9333072958490898,3.829411764705882,65.1,1006,100,1000
SLP-13314,Luke Altmyer,QB,DET,NO,3.53,-14.64,0.9216340485734497,3.829411764705882,65.1,1007,101,1002
GRE361852,Taylen Green,QB,CLE,JAX,3.46,-14.71,0.9042407031580793,3.829411764705882,65.1,1008,102,995
00-0033949,Joshua Dobbs,QB,DET,NO,3.42,-14.75,0.9216340485734497,3.7058823529411766,63.0,1009,103,1011
00-0039534,Carter Bradley,QB,JAX,CLE,3.41,-14.76,0.8911291137534948,3.829411764705882,65.1,1010,104,993
SLP-13428,Joey Aguilar,QB,JAX,CLE,3.41,-14.76,0.8911291137534948,3.829411764705882,65.1,1011,105,1005
00-0035289,Gardner Minshew,QB,ARI,LAC,3.13,-15.04,0.9333072958490898,3.3588235294117648,57.1,1012,106,1013
00-0038102,Kenny Pickett,QB,CAR,CHI,3.03,-15.14,1.1013679316357061,2.7529411764705882,46.8,1013,107,1014
00-0040419,Garrett Greene,QB,TB,CIN,2.86,-15.31,1.0729191228483848,2.664705882352941,45.3,1014,108,616
00-0031345,Jimmy Garoppolo,QB,FA,,2.55,-15.62,1.0,2.552941176470588,43.4,1015,109,1015
00-0032434,Brandon Allen,QB,NYG,DAL,2.27,-15.9,1.12,2.023529411764706,34.4,1016,110,1016
00-0031237,Teddy Bridgewater,QB,FA,,1.06,-17.11,1.0,1.0588235294117647,18.0,1017,111,1017
00-0040494,Max Brosmer,QB,MIN,GB,0.91,-17.26,1.0293374311953396,0.888235294117647,15.1,1018,112,1018
00-0038416,Tyson Bagent,QB,CHI,CAR,0.59,-17.58,0.9628031420186594,0.611764705882353,10.4,1019,113,1019
00-0038582,Clayton Tune,QB,FA,,0.49,-17.68,1.0,0.4882352941176471,8.3,1020,114,1020
00-0037013,Zach Wilson,QB,NO,DET,0.44,-17.73,1.0468336308822044,0.41764705882352937,7.1,1021,115,1021
00-0040673,Jalen Milroe,QB,SEA,NE,0.13,-18.04,0.9909690601284297,0.13529411764705881,2.3,1022,116,1022
00-0033319,Nick Mullens,QB,JAX,CLE,0.09,-18.08,0.8911291137534948,0.10588235294117647,1.8,1023,117,1023
00-0035264,Jarrett Stidham,QB,DEN,KC,0.08,-18.09,1.0202091824704416,0.07647058823529412,1.3,1024,118,1024
00-0034577,Kyle Allen,QB,BUF,HOU,0.03,-18.14,0.9764265880276385,0.029411764705882353,0.5,1025,119,1025
00-0034955,Brett Rypien,QB,HOU,BUF,0.0,-18.17,0.974317110446219,0.0,0.0,1026,120,1026
00-0038658,Adrian Martinez,QB,SF,LA,0.0,-18.17,1.0990438892049184,0.0,0.0,1027,121,1027
00-0039577,Kedon Slovis,QB,ARI,LAC,0.0,-18.17,0.9333072958490898,0.0,0.0,1028,122,1028
